Yloc,Xloc,Count
-37.8156,144.9661,185
-33.86,151.211,179
-27.4678,153.028,87
-31.9522,115.859,68
-34.9333,138.6,58
-33.86751,151.20797,55
-33.8674769,151.2069776,48
-35.3081,149.124,42
-33.88888,151.27759,22
-33.8077,151.089,21
-33.6781421,151.303387,18
-33.89841,151.26306,16
-27.4697707,153.0251235,16
-37.80154,144.95436,12
-37.73186,145.01465,12
-33.897,151.179,12
-33.86011122,151.21019063,12
-34.9061,138.594,12
-37.8230729,144.98130528,11
-31.95447445,115.86261034,11
-33.937173,151.166848,11
-35.3717,149.075,11
-27.47467524,153.01948786,11
-35.30805556,149.12444444,11
-37.829,144.957,11
-37.67019934,144.84844918,11
-33.88891,151.26064,11
-37.81984,144.98346154,10
-33.89171101,151.22486166,10
-33.79721546,151.28742435,10
-27.46488745,153.0095901,10
-33.88849,151.18601,10
-33.87429942,151.19981289,10
-33.86553882,151.20265254,10
-33.85678499,151.21528387,10
-33.87848106,151.24209491,10
-42.92368517,147.41342148,9
-37.672661,144.851212,9
-33.84439978,151.06218338,9
-37.8833,145.133,9
-33.93488622,151.17241144,9
-37.801,144.979,9
-34.91146,138.59265,9
-34.9601,138.62632,8
-37.8142155,144.9632307,8
-33.89666865,151.18045793,8
-37.803,144.95,8
-33.88410698,151.21043953,8
-37.8877,145.057,8
-33.8691,151.19536,8
-37.86507772,144.973629,8
-33.90394432,151.15839549,7
-32.05,115.767,7
-33.89,151.131,7
-37.6196399,145.09948,7
-27.47024799,153.01731799,7
-33.89186435,151.20549755,7
-31.6628,115.79,7
-37.799055,144.9194115,7
-33.87576,151.20678,7
-31.95956587,115.85901961,7
-33.90879979,151.18405674,7
-34.91973393,138.60472353,7
-37.80172604,144.98371832,7
-31.93086,115.85872,7
-37.84135226,144.92676249,7
-33.8,151.283,7
-33.8572662,151.2016751,7
-33.95623,151.23004,7
-33.920692,151.2572694,7
-33.87850583,151.19968662,6
-37.80477536,144.97178442,6
-34.92566566,138.59817266,6
-33.87265257,151.20726054,6
-37.62395,144.94866,6
-42.880195,147.328429,6
-33.89883892,151.17427916,6
-37.8333,144.983,6
-33.89365907,151.19203451,6
-33.870307,151.190757,6
-34.9306,138.6206,6
-33.89630695,151.22469158,6
-37.79818744,144.98843908,6
-27.5136,153.247,6
-33.87554,151.22277,6
-33.86,151.2111,6
-27.3608,153.03286,6
-33.89105782,151.19153077,6
-32.12816958,116.01514366,6
-37.8136276,144.9630576,6
-31.94245,115.86927,6
-27.48077,153.01955,6
-37.8132,144.963,6
-34.91595452,138.59659246,6
-31.9505269,115.8604572,6
-37.8174788,144.96967905,6
-37.8673,144.978,6
-33.8932496,151.24692419,6
-27.4709,153.0235,6
-33.856007,151.209173,6
-31.9771,115.7805,6
-31.98553,115.77796,6
-34.92936,138.6068,5
-27.46916,153.02704,5
-33.8688197,151.2092955,5
-34.9438,138.6216,5
-33.89875,151.26345,5
-35.31092,149.14661,5
-37.82055556,144.96138889,5
-31.95216,115.85083,5
-37.67125294,144.83714104,5
-33.9162899,151.19991,5
-37.854,144.988,5
-37.7204,145.07,5
-33.85934,151.2132,5
-27.28037089,152.94252847,5
-37.79901089,144.96150256,5
-37.7667,144.967,5
-38.10481149,145.15661506,5
-27.47798767,153.0225745,5
-27.38519779,153.12044588,5
-33.87198,151.19909,5
-37.81221579,144.96801954,5
-33.87283,151.22293,5
-33.81182926,150.87080458,5
-27.41476,153.0138,5
-27.4565792,153.0369263,5
-37.813864,144.964468,5
-33.86739866,151.212931,5
-33.8707357,151.2105613,5
-37.81664576,144.96940403,5
-33.762558,150.901393,5
-35.31264,149.14374,4
-34.94557857,138.58798027,4
-37.79939,144.98276,4
-33.727,151.286,4
-37.8822,144.978,4
-27.5833,153.3,4
-37.77397668,144.95776349,4
-33.91693132,151.22941403,4
-31.94094627,115.96790314,4
-33.8732582,151.2069511,4
-37.81550501,144.96766306,4
-33.63723446,151.32916071,4
-27.46374499,153.01354897,4
-37.8474,144.969,4
-33.88389201,151.14761038,4
-33.87312089,151.20630728,4
-33.87848,151.21465,4
-31.94784,115.83267,4
-37.81660241,144.94787547,4
-37.82477538,144.95720401,4
-33.9118,151.165,4
-33.87071,151.19482,4
-27.5333,152.983,4
-33.87328393,151.19906187,4
-33.86277939,151.1728074,4
-37.82526,144.95157,4
-33.8167,151,4
-37.8099,145.006,4
-31.94836,115.85202,4
-37.921,145.067,4
-33.87763085,151.17703557,4
-33.87717587,151.24317288,4
-33.89,151.147,4
-33.899,151.20861,4
-37.81199,144.96521,4
-33.86682549,151.19604707,4
-34.8444,138.58617,4
-33.8688353,151.21733619,4
-33.90186,151.18138,4
-37.8215,144.96852,4
-35.30756635,149.19052983,4
-33.84633042,151.17288652,4
-35.15966,149.10073,4
-35.2403199,149.05909,4
-33.88648,151.17397,4
-33.8925,151.202,4
-33.98876846,151.2319047,4
-33.9121,151.154,4
-37.8104711,144.9662916,4
-33.94146716,151.18642096,4
-33.9167,151.167,4
-37.89811252,145.08950615,4
-33.867611,151.208432,4
-33.94259672,151.23928428,4
-33.93356372,151.21228934,4
-34.93860981,138.5376893,4
-27.5352,153.262,4
-27.49713521,153.01442151,3
-34.94524915,138.58695607,3
-27.38975406,153.11684132,3
-33.87798,151.21321,3
-42.8336792,147.4594421,3
-37.8167,145.133,3
-37.8464584,145.0466003,3
-27.45187,153.04402,3
-33.91068,151.16528,3
-33.8793831,151.2063904,3
-33.86333294,151.2168233,3
-37.83957,144.99483,3
-34.90708,138.57569,3
-33.86763597,151.2146054,3
-37.80256568,145.00345348,3
-37.72401835,144.99776048,3
-31.97753764,115.78100024,3
-27.48652,153.02956,3
-33.7667,150.917,3
-33.7254,151.28659,3
-33.80926,151.02364,3
-33.8573946,151.1035209,3
-27.49637122,153.01419931,3
-32.09881793,115.8118963,3
-33.9036,151.268,3
-33.82136,151.20871,3
-33.8825,151.20666667,3
-33.87995,151.20344,3
-37.65774,145.0766,3
-31.89346,115.75689,3
-33.87771,151.20778,3
-27.5,152.933,3
-34.05189496,151.15571737,3
-37.77967,144.98719,3
-27.2337438,153.05104427,3
-34.80854981,138.61666441,3
-37.82133,144.9647,3
-33.8667,151.25,3
-33.9005,151.27053,3
-37.83001,144.95864,3
-33.7252422,151.2865601,3
-33.92601354,151.05295784,3
-38.377,144.838,3
-37.7993499,144.95606,3
-34.9284989,138.6007456,3
-33.87191,151.2068651,3
-27.44274301,153.02800772,3
-27.40209506,153.06033839,3
-33.89689225,151.25935245,3
-33.88486291,151.22618917,3
-37.79762791,144.97871876,3
-33.8914199,151.25082,3
-33.90294736,151.21490295,3
-37.8167,144.947,3
-37.75,144.967,3
-35.30040742,149.13634658,3
-33.815,151.17028,3
-34.05505,150.82133,3
-33.9017,151.2,3
-33.8743896,151.214035,3
-37.80469,144.99069,3
-37.81456444,144.96633768,3
-33.71952,150.84265,3
-33.7506,151.275,3
-33.7253308,151.2867112,3
-33.88380378,151.22041395,3
-33.89799814,151.16266551,3
-27.62004513,153.12563896,3
-37.8427665,144.93692743,3
-31.98337,115.77955,3
-33.89497017,151.22418812,3
-27.455,153.035,3
-33.85322515,151.06942516,3
-27.4652,153.008,3
-42.83362829,147.27594623,3
-37.8032951,144.977417,3
-33.95,151.233,3
-35.2439,149.088,3
-33.84191196,150.98921126,3
-31.95964486,115.89372396,3
-27.4692,153.028,3
-37.75,145.017,3
-34.764,138.608,3
-33.949859,151.052469,3
-34.03299962,151.07057234,3
-37.8391233,144.9257824,3
-33.8886,151.126,3
-35.077,138.502,3
-34.95523,138.60825,3
-34.9386126,138.53786347,3
-37.88706025,145.08140224,3
-33.88491,151.20185,3
-33.7875213,151.17920677,3
-27.49788926,153.0179043,3
-34.78104681,138.64093781,3
-37.9167,145.2,3
-33.82379942,151.19420809,3
-37.85884,144.98252,3
-33.84487758,151.00282119,3
-27.36762258,153.04409979,3
-37.86751,144.97902,3
-38.0027,145.25,3
-33.8667,151.183,3
-34.90937413,138.55152303,3
-27.4722,153.027,3
-33.78509444,151.12839167,3
-37.8158,144.998,3
-34.9303013,138.62045646,3
-33.87642,151.18945,3
-37.8117256,144.9674225,3
-27.73000361,153.20921509,3
-32.1167,115.767,3
-34.05,151.15,3
-27.44443292,153.04509326,3
-33.91619,151.19174,3
-33.92953,150.93908,3
-37.81444472,144.96362329,3
-33.70261366,151.28920626,2
-33.82080623,151.18554328,2
-33.8889,151.1249,2
-34.9137,138.629,2
-33.85827,151.20246,2
-37.82055556,144.96888889,2
-35.27847908,149.13320237,2
-27.6833,153.133,2
-34.93107,138.61265,2
-31.95691404,115.85737467,2
-37.81034802,144.96311555,2
-27.6628097,153.1879409,2
-34.94828976,138.56538367,2
-33.72947876,151.26360359,2
-27.4413,153.09246,2
-34.933,138.62,2
-37.81214,144.95967,2
-37.812253,144.9721093,2
-33.89964,151.17059,2
-27.49477707,153.01352262,2
-33.8992805,151.1826019,2
-34.9325,138.578611,2
-37.8167,144.9,2
-37.84805,144.99197,2
-37.86223191,145.03352082,2
-33.91357,151.19628,2
-27.3838,153.032,2
-35.1347,138.478,2
-33.8744299,151.20458,2
-33.6736086,151.258585,2
-33.83315062,151.15193514,2
-33.87710096,151.21212654,2
-33.86276,151.16778,2
-37.75127,144.919562,2
-33.8599962,151.2054033,2
-33.89745485,151.21348043,2
-27.46033,153.023,2
-32.01411856,115.89363936,2
-35.01381838,138.52104479,2
-31.94119505,115.97437814,2
-35.2167,149.083,2
-27.4632885,153.01880216,2
-37.77117,144.96161,2
-33.91859479,151.16701399,2
-33.90172273,151.18445266,2
-33.85744429,151.20112181,2
-37.8128,144.962,2
-33.88254226,151.20174153,2
-33.84468579,151.06774571,2
-33.86412394,151.20809823,2
-34.03725481,151.10178093,2
-33.8833,151.225,2
-37.8222885,144.9598119,2
-42.8722,147.37274,2
-33.850278,151.064167,2
-27.5012266,153.03762277,2
-37.80061,144.98016,2
-38.34569,144.72736,2
-37.80310817,145.22634493,2
-33.8945,151.19966,2
-33.91889961,151.23939102,2
-33.992112,151.231179,2
-27.3557376,153.01277225,2
-33.8235,151.2512,2
-35.31561,149.14527,2
-33.73265584,151.1294961,2
-37.8135,144.96999,2
-33.91264461,151.15259456,2
-35.29333333,149.11388889,2
-33.86689,151.2096,2
-34.03867642,151.14086857,2
-33.87757808,151.20416396,2
-35.28462908,149.1344134,2
-33.61459,150.81334,2
-37.65299349,145.0199675,2
-37.80376354,144.9717317,2
-27.4713688,153.017395,2
-33.87880714,151.20410104,2
-33.9198,151.19459,2
-37.82196921,145.03558029,2
-37.81127,144.95647,2
-31.94707221,115.86042434,2
-35.18994,138.4944,2
-37.93698028,145.01682593,2
-32.00516463,115.89408875,2
-32.0003,115.892,2
-31.95667554,115.85269764,2
-37.82914133,144.98878241,2
-31.976,115.865,2
-33.91748067,151.23847665,2
-33.89317,151.24884,2
-33.84345686,151.24152207,2
-27.4604927,153.00998723,2
-32.0075,115.939,2
-33.82617,151.20117,2
-37.82566,145.04979,2
-33.86361168,151.20162606,2
-37.81541,144.9676,2
-37.67133601,144.84794752,2
-37.8192,144.9682,2
-33.93425577,151.17907663,2
-37.8145294,144.95835548,2
-33.89001478,151.27292753,2
-33.8005496,151.2979212,2
-37.81725,144.96122,2
-37.8183,144.973,2
-33.91376,151.26668,2
-37.9167,145,2
-27.44392,153.07989,2
-42.9,147.483,2
-33.87192,151.22723,2
-33.88814,151.19905,2
-33.85946667,151.22220278,2
-37.79740237,144.8915224,2
-34.9188951,138.5752393,2
-33.71643,151.30058,2
-27.46956,153.0259,2
-33.8846307,151.2142976,2
-37.80736678,144.95915525,2
-33.8894,151.124,2
-37.783889,144.961667,2
-31.954,116.049,2
-33.81216,151.0357,2
-37.81962431,144.98334289,2
-35.4533,149.1081,2
-33.93475964,151.17967776,2
-37.89278586,145.09743105,2
-33.81093,151.19681,2
-32.01974324,115.93918061,2
-35.21173015,149.13655533,2
-37.87478,145.04587,2
-33.86005,151.209073,2
-34.93072,138.59719,2
-35.2498443,149.10242037,2
-33.92026,151.25606,2
-33.7400266,151.2761339,2
-37.90209,145.05882,2
-37.84953,144.99232,2
-33.8667275,151.20165825,2
-33.6733,150.619,2
-33.90864,151.1608,2
-35.23257185,149.03830552,2
-33.80381,150.86912327,2
-38.33936265,144.97905564,2
-37.80604,144.89211,2
-34.91341,138.67516,2
-34.90789,138.60629,2
-33.8941803,151.1997986,2
-37.79925,145.27966,2
-33.79682736,151.17997757,2
-37.81031,144.97003,2
-31.92938,115.85218,2
-34.82429906,138.49647482,2
-37.81753,144.96715,2
-33.8,151.267,2
-31.9522896,115.8400574,2
-33.8609,151.211,2
-33.9110983,151.14084721,2
-32.0884399,115.9573288,2
-33.86389,151.20705,2
-33.89071714,151.28213663,2
-33.84861111,151.21444444,2
-33.7930599,150.8889299,2
-38.33180205,144.96705557,2
-33.9068,151.115,2
-27.73299,153.2143199,2
-37.817405,145.00219722,2
-37.8844,145.058,2
-37.90470408,145.26397064,2
-37.69,144.894,2
-33.86757909,151.12979717,2
-34.92215,138.58733,2
-33.8846268,151.27455774,2
-33.8667,151.067,2
-34.9247,138.598,2
-33.87183,151.20738,2
-31.96896542,115.88943243,2
-37.81854767,144.9709558,2
-33.88667,151.23015,2
-33.85642,151.21516333,2
-37.8388,144.97429,2
-37.82326452,144.95813343,2
-33.8694,151.118,2
-33.8848,151.226,2
-37.7667,145,2
-33.88011752,151.21579064,2
-38.3614,144.777,2
-37.8092918,144.9898071,2
-37.80914102,144.96068518,2
-33.90628789,151.21318262,2
-33.82924,151.22858,2
-35.3,149.117,2
-37.82034993,144.9997396,2
-27.47838504,153.00628484,2
-37.76,145.007,2
-37.83056345,144.96747838,2
-35.3217,149.163,2
-33.9133,151.173,2
-37.816,144.968,2
-34.92338073,138.59399647,2
-37.91801347,144.98701862,2
-37.81788183,144.96841506,2
-33.90564,151.1654,2
-37.81044,144.9711,2
-27.49692541,153.03417969,2
-33.844063,151.212785,2
-33.8283048,151.2437577,2
-33.85041015,151.06719859,2
-38.1,145.183,2
-33.88396364,151.2005486,2
-31.95,115.85,2
-33.86071818,151.20851104,2
-33.89664177,151.17429058,2
-27.46857254,153.02396385,2
-37.8167,144.967,2
-37.8333,144.933,2
-37.77994128,144.97693777,2
-33.87265592,151.21551454,2
-34.8190384,138.6368866,2
-31.9513272,115.8902508,2
-33.7544,151.285,2
-33.7295143,151.284197,2
-37.80995348,145.00566959,2
-33.83377994,151.05690876,2
-33.7333,151.3,2
-33.93241539,151.17919028,2
-27.37189109,153.09330679,2
-34.92609,138.60111,2
-38.13333333,145.16666667,2
-33.8632679,151.2017887,2
-37.92388861,145.02210617,2
-33.92029,151.2436,2
-37.82965733,144.97290729,2
-37.7833,144.917,2
-33.9167,151.267,2
-37.8586884,144.9841156,2
-37.822222,144.987778,2
-33.8402735,151.20740818,2
-32.0400414,115.9275821,2
-34.90793881,138.57395086,2
-27.478885,153.02306,2
-27.34223605,153.07046132,2
-33.8458,151.213,2
-37.7993499,144.98645,2
-33.8636629,151.20886803,2
-35.282,149.128684,2
-37.86293,145.28508,2
-33.89253753,151.24944188,2
-27.45789,153.03576,2
-33.63702,151.32991,2
-37.8279,145.3535,2
-33.8797,151.216,2
-31.662778,115.789722,2
-33.8833,151.1,2
-37.81158,144.96896,2
-27.4700823,153.02647172,2
-33.86532884,151.20545626,2
-33.868611,151.154722,2
-33.8333,150.983,2
-33.73122281,151.0056985,2
-37.80287,144.9499,2
-37.81821,144.96188,2
-31.95307256,115.89241505,2
-27.4753,153.021,2
-34.90686,138.60818,1
-31.952919,115.85554,1
-27.47879048,153.01336751,1
-37.79882,145.25226,1
-33.82073436,151.18561737,1
-34.9167,138.65,1
-33.8700818,151.1891903,1
-33.87030412,151.2084712,1
-33.764984,150.77446,1
-27.46705649,153.02050023,1
-33.89334,151.20461,1
-27.46765976,153.02938223,1
-33.967192,151.231245,1
-35.2817183,149.1341055,1
-37.95231736,145.01364715,1
-37.91849,145.04021,1
-27.462,153.075,1
-37.76486,144.96273,1
-33.87306,151.20491,1
-37.8078583,144.9628425,1
-27.454522,153.04797642,1
-33.89298,151.20362,1
-33.9639,151.25234,1
-37.80643149,144.9900645,1
-33.95681724,151.23002252,1
-33.79547045,151.1838851,1
-37.81056584,144.96145975,1
-37.81449302,145.22620342,1
-33.8827,151.2254,1
-37.81607312,144.96745348,1
-33.92233,151.22701,1
-33.8659,151.20964,1
-34.9262,138.59542,1
-33.84828264,151.21210854,1
-37.8483968,145.07987591,1
-35.2775,149.132,1
-34.05,151.133,1
-27.47145228,153.02543998,1
-33.84934,151.04875,1
-31.956322,115.858738,1
-37.7833,144.833,1
-33.89682,151.21267,1
-37.87103,144.83733,1
-42.8805,147.32749,1
-34.79632437,138.61168281,1
-34.95772131,138.50601347,1
-31.9408302,115.8354034,1
-38.35869946,144.77281351,1
-33.88232513,151.20196942,1
-33.798094,151.182655,1
-31.95053089,115.86055749,1
-38.00552385,145.25855211,1
-33.9086291,151.1548847,1
-33.9974443,151.06969555,1
-33.8,150.95,1
-33.94063089,151.23882902,1
-37.8263,145.007,1
-37.8197,145.03567,1
-37.81733047,144.95600361,1
-33.857355,151.1504923,1
-34.81109025,138.61664772,1
-37.7615508,144.91375613,1
-34.92727,138.6028399,1
-27.45348002,153.06980293,1
-33.73882705,151.30698561,1
-27.48603532,153.03491056,1
-37.93475,145.03727,1
-31.95098,115.87925,1
-42.875,147.3682,1
-42.88272,147.32714,1
-33.9167,151.2667,1
-37.7980385,144.9676666,1
-33.87478043,151.21120691,1
-37.831878,144.910925,1
-33.80579,150.93738,1
-33.8211361,151.0066927,1
-37.81883329,144.96923615,1
-33.89597812,151.22511148,1
-33.89507923,151.18146903,1
-27.48588785,153.03783797,1
-37.85262,145.15006,1
-33.91257877,151.15268125,1
-37.75510979,144.81889271,1
-37.945,145,1
-27.4706,153.017,1
-37.81399365,144.95365205,1
-37.8038249,144.9773368,1
-37.8171,144.95858,1
-33.72266,151.13457,1
-33.89188,151.2141399,1
-27.38631195,153.11947076,1
-33.87692,151.2080499,1
-35.237,149.065,1
-37.816954,144.958631,1
-34.05668261,150.69364764,1
-37.79871,144.98036,1
-31.94556,115.86918,1
-27.31799939,153.07238605,1
-34.92349,138.5943,1
-42.88725587,147.33308359,1
-33.88699,151.2073,1
-37.75583489,145.06106677,1
-33.93206779,151.17833411,1
-33.884514,151.19624,1
-37.806209,144.977232,1
-33.93532238,151.16663575,1
-32.0993,115.819,1
-33.87215914,151.09372256,1
-34.9271,138.60898,1
-33.91801635,151.2273109,1
-34.97410111,138.5738574,1
-37.69448965,145.01194533,1
-33.87924235,151.2093127,1
-32.0000767,115.9847875,1
-37.8973299,145.00217,1
-37.8138999,144.96214,1
-33.94868,151.25723,1
-37.99503351,145.17347261,1
-33.97202619,151.12900138,1
-33.87289595,151.19203177,1
-33.919722,150.930278,1
-34.92617,138.61071,1
-37.79994098,144.99299703,1
-37.8101642,144.96633637,1
-27.45214259,153.00596915,1
-37.82175313,145.03839891,1
-37.81057,144.96641,1
-33.95263,151.13684,1
-33.8902661,151.17618774,1
-37.7167,145,1
-37.8399324,144.8559062,1
-37.81588188,144.96796956,1
-33.8769698,151.20613442,1
-33.89752,151.17937,1
-33.8891782,151.2743738,1
-37.81747491,144.95599744,1
-32.05999646,115.77760346,1
-38.00947731,145.0856008,1
-27.47699,153.01304,1
-37.7542,145.001,1
-33.88998,151.2744899,1
-37.90434,144.99451,1
-33.76224,150.66504,1
-31.99583,115.7506,1
-33.94998,151.203204,1
-37.88736902,145.08382702,1
-37.84094788,145.00807214,1
-37.8206,144.9069,1
-37.8175145,144.9689923,1
-27.45074,153.05282,1
-33.76351,151.27104,1
-37.81328358,144.97403895,1
-38.1667,145.167,1
-34.03165,151.0757,1
-31.741737,115.768913,1
-37.79855611,144.95964118,1
-27.467856,153.022901,1
-38.05045443,145.35507739,1
-33.9077,151.163,1
-33.88033517,151.21096809,1
-33.9064,151.26395,1
-33.87191,151.22535,1
-37.79781655,144.93201116,1
-33.8891599,151.20844,1
-27.49678558,153.01325452,1
-33.8667,151.283,1
-37.9014668,145.06402373,1
-37.8636589,144.9857941,1
-38.00511797,145.25793403,1
-33.9167,151.242,1
-27.48663973,152.99292815,1
-37.8293425,144.95570215,1
-35.27120035,149.132967,1
-33.87282,151.18052,1
-35.31075,149.14532,1
-33.81856846,151.00514911,1
-37.81587,144.95866,1
-37.78251346,144.91643603,1
-35.2225,149.02,1
-33.90873786,151.18089701,1
-33.93605641,151.16801838,1
-34.892082,138.49944038,1
-42.88051,147.32721,1
-37.82448,144.94992,1
-27.38704,153.03854,1
-37.81197,145.26999,1
-37.77043,144.96176,1
-37.776,144.974,1
-33.90249667,151.21508121,1
-35.13333,138.51667,1
-37.8136904,144.9654812,1
-34.7833,138.733,1
-34.05557499,151.15466595,1
-33.96490944,151.09912964,1
-34.0377405,151.15933138,1
-34.84225481,138.50541228,1
-34.85906,138.511987,1
-37.81497,144.96408,1
-33.90241665,151.2035577,1
-27.5040703,153.0998383,1
-37.75605,144.96383,1
-27.4578,153.04083,1
-33.8674869,151.2069902,1
-31.98015221,115.79620221,1
-34.92285072,138.60280752,1
-37.79854,144.9941,1
-31.88783264,115.81655884,1
-37.81689948,144.94324118,1
-33.87781,151.10341,1
-33.85898219,151.20789969,1
-35.28488,149.13408,1
-27.67952001,153.11586217,1
-37.9018635,144.62556817,1
-32.295,115.706,1
-37.771967,144.957947,1
-38.3178,144.99,1
-33.87399,151.20631,1
-27.5333,153.267,1
-37.81602,144.890617,1
-37.81525539,144.96427288,1
-33.90585,151.18073,1
-33.88594911,151.19940436,1
-37.81898866,144.96601582,1
-42.88314079,147.32448682,1
-33.882259,151.17325482,1
-33.84085318,151.20745182,1
-37.76145093,144.91379262,1
-27.45654,153.03267,1
-34.93920055,138.53677578,1
-33.88695794,151.17923105,1
-31.96449284,115.87919176,1
-37.81674,144.96681,1
-31.87687,115.77892,1
-33.91178195,151.16494901,1
-33.8671,151.208,1
-33.86578,151.20807,1
-33.87837096,151.20228581,1
-32.01984,115.83546,1
-33.86494776,151.19434581,1
-27.457781,153.035473,1
-31.97138546,115.89390484,1
-42.88186782,147.32729766,1
-37.843708,145.03023,1
-32.27505709,115.73004316,1
-27.5167,153.183,1
-33.8777695,151.2062836,1
-37.81968953,144.96742381,1
-33.7558869,150.6846571,1
-33.72500928,150.78484522,1
-33.97214,151.21732,1
-37.87938947,145.02350137,1
-38.10975887,145.12857914,1
-37.911501,144.999872,1
-33.9113,151.156,1
-37.83033119,144.95805744,1
-33.92495089,151.22733137,1
-37.84410821,144.97972106,1
-42.87427,147.36589,1
-37.82825626,144.95565741,1
-34.05257,150.69803,1
-27.32001299,153.04277474,1
-33.97146432,151.22576747,1
-34.9219,138.59978,1
-37.81183798,144.97125304,1
-31.988,115.904,1
-37.84887,144.97967,1
-33.72624002,151.27839441,1
-34.0543273,151.15280781,1
-33.824405,151.1988651,1
-33.8839396,151.20691169,1
-37.80923116,144.96365057,1
-35.07596,138.52368,1
-37.8116,144.96166,1
-27.47499979,153.01546778,1
-31.916714,115.832535,1
-35.342353,149.108303,1
-33.9127625,151.15286812,1
-27.58429455,153.27991916,1
-33.85587621,151.20910406,1
-33.89632,151.22559,1
-37.76621201,145.10955417,1
-34.90964354,138.60485432,1
-37.81200993,144.96039583,1
-33.8615,151.21,1
-27.47518,153.01489,1
-33.88959,151.1242399,1
-37.82395146,144.99108448,1
-35.32062662,149.13266403,1
-31.75324,115.76427,1
-37.84602994,144.99428162,1
-37.83404,144.98048,1
-32.2833,115.717,1
-35.279158,149.13212141,1
-37.85154532,145.08059486,1
-33.9107923,151.19433192,1
-33.8725088,151.20131795,1
-33.86176,151.21241,1
-37.9152107,145.0178528,1
-33.90004,151.17834,1
-31.82723868,115.86392387,1
-31.95576,115.8597,1
-33.91250104,151.15303907,1
-37.8996707,144.6644742,1
-33.71023042,151.30081478,1
-37.83298122,144.95779139,1
-33.85652,151.13102,1
-37.72711896,144.89001012,1
-27.49585382,153.01500448,1
-27.46874,153.08907,1
-37.7222,145.14585,1
-33.93359663,151.02986389,1
-33.75,151,1
-27.46684,153.03099,1
-27.4994119,153.01353826,1
-38.00561423,145.27202368,1
-38.1648,145.138,1
-33.882583,151.201959,1
-37.8171,144.969,1
-27.500559,153.03653,1
-33.75379065,151.29704833,1
-33.89811,151.17436,1
-27.45514,153.0489,1
-37.82052989,145.17491775,1
-37.85496916,145.06389856,1
-31.98817197,115.87056522,1
-34.9480099,138.62859,1
-33.88339,151.20081,1
-37.81006,144.96432,1
-37.80138483,144.97797365,1
-27.45431,153.03959,1
-33.9406835,151.23877464,1
-35.30253142,149.13884871,1
-27.46244,153.02484,1
-33.89774,151.21358,1
-37.8067706,144.9605153,1
-27.47127276,153.01849569,1
-27.41539537,153.01430583,1
-33.8923,151.1997,1
-37.82784705,144.97692747,1
-27.39277,153.02452,1
-33.87310515,151.20818559,1
-34.91664653,138.59992951,1
-37.811419,144.95619462,1
-37.81106,144.97109,1
-37.81846,144.9542,1
-37.78814131,145.02494779,1
-37.8145,144.958,1
-37.82777,145.00606,1
-31.9333,115.8333,1
-37.82967,144.99742,1
-33.90261665,151.16629479,1
-33.6781307,151.3112408,1
-31.9823999,115.7702891,1
-34.917,138.6,1
-33.8718,151.09433056,1
-37.7755,144.971,1
-38.0586,145.359,1
-32.04397,115.75995,1
-37.8463364,144.9912567,1
-33.7667,150.833,1
-33.86179,151.20863,1
-33.81107497,151.16526596,1
-34.892005,138.6140852,1
-33.93210166,151.18085764,1
-35.260877,149.131587,1
-27.49800289,153.01110079,1
-33.89211,151.13819,1
-33.81426995,151.24736544,1
-37.8069065,144.95804576,1
-33.89013,151.28297,1
-34.9309299,138.59301,1
-31.9507057,115.85868359,1
-27.4747,153.03,1
-27.38524573,153.12013794,1
-27.45235,153.04204,1
-34.92248611,138.60386422,1
-37.80912211,144.89554949,1
-33.7463,150.67334,1
-27.4487,153.014,1
-33.80541311,150.9039347,1
-35.27771459,149.13181656,1
-33.87291,151.22456,1
-34.9215136,138.59755039,1
-37.8118,144.968,1
-33.87964,151.20633,1
-33.92031,151.2556,1
-27.4806,153.01245,1
-37.9858,145.033,1
-33.89951159,151.130933,1
-37.81983618,144.97047365,1
-37.81153,144.97178,1
-33.87859164,151.19951226,1
-32.0120897,115.8853311,1
-33.86719,151.20562,1
-37.80258,144.97752,1
-33.8822,151.197,1
-37.75415287,145.00118272,1
-34.92335882,138.59797244,1
-27.2,153.033,1
-33.8961,151.154,1
-27.52306705,153.19540915,1
-33.97567,151.04738,1
-33.713124,151.297446,1
-33.81111,151.00081,1
-42.78758801,147.26408107,1
-27.49711477,153.01180527,1
-33.87023961,151.21010989,1
-37.86815242,144.97939326,1
-33.86601337,151.20958824,1
-33.7995,151.285,1
-27.5319999,153.2665183,1
-27.454,153.0426,1
-33.88787598,151.20281713,1
-34.91579,138.62737,1
-33.7315047,151.29476155,1
-37.93485414,145.45016773,1
-37.7199002,145.0475284,1
-33.83351,151.20679,1
-34.03212668,151.09978644,1
-33.87676,151.22144,1
-33.85830058,151.2136251,1
-35.233512,149.06372113,1
-33.89509691,151.14328769,1
-34.92368293,138.59085147,1
-27.6167,152.767,1
-35.23818327,149.06513474,1
-33.8118321,151.0251472,1
-37.86848,144.98001,1
-37.91991448,144.98711604,1
-37.64388837,144.83345432,1
-37.81510656,145.24876601,1
-33.87303597,151.20640062,1
-37.8168,144.9622,1
-33.87784,151.21391,1
-33.8899117,151.1767348,1
-34.94994625,138.56732554,1
-33.92464897,151.1923027,1
-35.30758681,149.19041452,1
-27.59105668,153.06055681,1
-33.88513759,151.20203162,1
-33.89343,151.18411,1
-31.953004,115.857469,1
-33.9,151.267,1
-37.78651,144.90081,1
-37.82168999,144.96918118,1
-34.91515,138.62779,1
-33.71969741,150.84233511,1
-27.49719449,153.01564136,1
-33.83204,151.211,1
-37.73277886,144.90911007,1
-37.769,145.042,1
-33.91253835,151.15287537,1
-33.8599,151.209,1
-33.95273845,151.02999233,1
-33.87071787,151.19901153,1
-33.86215686,151.04369554,1
-31.95573067,115.86406946,1
-33.8853183,151.2106673,1
-34.92670387,138.60944079,1
-37.75668,145.05925,1
-34.95487,138.6004,1
-37.81694,144.96233,1
-32.00535327,115.89392903,1
-33.88311339,151.19478224,1
-37.71666288,145.12124723,1
-37.80763098,144.96010789,1
-27.47703221,153.01860444,1
-33.8278,151.233,1
-37.8274183,145.05799401,1
-42.8796898,147.3252721,1
-37.7965462,144.97879039,1
-27.468,153.027,1
-37.88832965,145.04119725,1
-33.88686,151.21055,1
-33.84893193,151.20402602,1
-37.80387,144.9905599,1
-33.8662,151.20899,1
-33.8822502,151.2162527,1
-33.86454,151.20157,1
-34.92133766,138.63385677,1
-37.77563,144.88048,1
-37.80468332,144.99117107,1
-38.02461,145.2185299,1
-33.82059687,151.18558968,1
-35.29290798,149.1210539,1
-33.88161,151.21855,1
-27.56700057,152.9540529,1
-37.84409173,144.97957055,1
-27.60442754,153.11188196,1
-37.79666,144.98491,1
-32,115.767,1
-31.93679058,115.87062055,1
-33.86292236,151.20462632,1
-33.87231478,151.20676371,1
-33.88903215,151.22330872,1
-37.8667,144.9,1
-33.89608,151.17837,1
-34.94269552,138.50853292,1
-37.8119212,144.9650657,1
-34.92792,138.59039,1
-37.8017502,144.9542389,1
-31.9487,115.843,1
-38.35557,144.90655,1
-33.67595686,151.30449689,1
-33.88926801,151.22507033,1
-37.81242121,144.97327703,1
-35.25689074,149.12858963,1
-37.8061,144.97,1
-27.49718734,153.03943386,1
-31.9665,115.93,1
-37.848,145.36145,1
-35.02585299,138.52981716,1
-37.8101399,144.95718,1
-33.91309275,151.17309809,1
-33.90266225,151.16627731,1
-37.84400304,144.97886112,1
-27.45140822,153.01602448,1
-33.87205464,151.20717287,1
-34.9264526,138.5956879,1
-37.79994,144.9784,1
-33.91266077,151.15263469,1
-37.901,145.045,1
-33.8748099,151.22389,1
-33.85824372,151.21012358,1
-37.84815476,144.97678757,1
-37.814107,144.96328,1
-33.87294,151.22709,1
-37.797,144.956,1
-34.0667,150.817,1
-31.97444959,115.86682819,1
-33.91022935,151.21145082,1
-31.952156,115.8508525,1
-33.89302,151.24926,1
-33.76295455,151.2807714,1
-33.9833,151.117,1
-33.84846359,151.17399822,1
-33.79282,151.1960449,1
-34.9301246,138.5970597,1
-37.81582,145.04816,1
-33.86172279,151.07164169,1
-37.98417392,145.21566169,1
-31.90391274,115.83707364,1
-34.81029117,138.64528124,1
-31.8833,115.967,1
-33.86408,151.20871,1
-35.31159197,149.13348346,1
-33.82699482,151.07803943,1
-33.86984171,151.26983035,1
-38.2167,145.167,1
-33.87706,151.22194,1
-33.8644794,151.2013955,1
-33.86946156,151.20828142,1
-27.41552624,153.08342517,1
-33.860973,151.188106,1
-31.97105,116.05851,1
-37.82153386,145.03641711,1
-34.930723,138.606281,1
-35.31136699,149.13541392,1
-33.77900503,150.62828947,1
-33.8878479,151.201355,1
-27.47281104,153.01783346,1
-33.87076127,151.19247616,1
-33.7174989,150.70403025,1
-33.92055585,151.25394249,1
-38.0683335,145.11981379,1
-37.81398963,144.95364718,1
-37.84416767,144.9796191,1
-31.89141595,115.82077129,1
-37.83866,145.03268,1
-32.00563702,115.89472825,1
-33.68947,151.22253,1
-37.76692751,144.92456892,1
-37.77385,144.9978999,1
-35.24421739,149.12680002,1
-34.9307,138.61261,1
-37.78309,144.97787,1
-27.45057,153.04442,1
-33.93411802,151.17955448,1
-31.95380866,115.88041506,1
-34.93838706,138.53794855,1
-27.45076142,153.02034275,1
-37.81708592,144.96570317,1
-35.238969,149.153373,1
-33.88965,151.27167,1
-37.82850284,144.94938553,1
-33.86509777,151.20665884,1
-35.3074026,149.09769954,1
-34.05029507,151.15600921,1
-33.89575545,151.18996289,1
-27.4799,153.023,1
-37.64762551,145.05691194,1
-33.86766,151.21093,1
-37.85098247,144.95451715,1
-37.85,145.017,1
-33.732,151.302,1
-37.84948244,144.9768779,1
-27.5,153.05,1
-38.005551,145.25865,1
-34.05137354,151.15298292,1
-37.81015306,144.99682297,1
-33.87768875,151.10357255,1
-33.91766,151.19359,1
-34.93839829,138.53732762,1
-33.77028047,150.85457273,1
-34.04051605,151.16213322,1
-33.89083726,151.27574958,1
-34.92072307,138.58782134,1
-38.361045,144.891584,1
-35.2816061,149.131801,1
-37.88881012,145.31758186,1
-37.82391,144.9675,1
-27.46998238,153.02674055,1
-34.9236,138.598,1
-27.474155,153.146462,1
-35.27858854,149.13102021,1
-33.85849561,151.20956272,1
-27.471011,153.023449,1
-33.94219439,151.244439,1
-37.81660093,145.01250947,1
-31.99357,115.85876,1
-31.9552,115.85928,1
-38.00546983,145.2585531,1
-27.46269,153.03102,1
-34.91560486,138.62701929,1
-37.80513594,144.94959812,1
-33.76897,150.68715,1
-33.86879,151.20543,1
-33.7253699,151.2867594,1
-33.67715,151.30291,1
-33.82878,151.20658,1
-33.88210113,151.20204682,1
-33.864821,151.167928,1
-32.0641,115.858,1
-37.82589,144.92187,1
-33.7253888,151.2866597,1
-37.85305911,145.10245235,1
-37.81744529,144.95600902,1
-31.95591,115.90585,1
-31.93733,115.84091,1
-38.01810696,145.3037792,1
-27.47471331,153.02957296,1
-33.87830548,151.16114543,1
-37.80455732,144.97145624,1
-37.85893803,145.17189275,1
-37.9367121,145.0297488,1
-37.8671053,144.97816564,1
-31.96724626,115.93390916,1
-35.01732729,138.54562167,1
-33.88312753,151.20211798,1
-37.84077,145.00779,1
-37.79386081,144.94947358,1
-34.9058,138.596,1
-33.93746759,151.16593122,1
-33.91415272,151.17691414,1
-27.51484163,153.28643474,1
-33.94632,151.25606,1
-37.86149,144.97985,1
-35.27749,149.13077,1
-33.86250618,151.2102882,1
-35.23437,149.14613,1
-37.86723951,144.97444868,1
-37.8392,144.99591,1
-37.81742303,144.96730716,1
-37.79437,144.97893,1
-33.71844,150.9836,1
-32.11731076,115.76270026,1
-27.4881,152.975,1
-27.45234,153.03155,1
-33.85,151.033,1
-34.9273,138.59667,1
-33.8337596,151.14492101,1
-33.81746709,151.00124269,1
-37.59294758,144.91417408,1
-31.90839237,116.0916298,1
-32.0335452,115.75380307,1
-38.020486,145.303453,1
-33.86345,151.20771,1
-33.87588784,151.20636541,1
-33.871088,151.2059311,1
-33.79727224,151.18111734,1
-37.79938,144.9785,1
-31.94939024,115.86495996,1
-37.84482,145.05436,1
-31.93726631,115.87044689,1
-31.86369,115.79437,1
-35.33274694,149.15411237,1
-33.8607,151.211,1
-33.89383,151.18946,1
-37.5333,144.95,1
-27.4652,153.01109,1
-33.91682,151.20246,1
-33.8709106,151.2547607,1
-34.90495686,138.53980172,1
-33.8688,151.188,1
-27.1150483,152.9525591,1
-33.596625,151.323879,1
-38.06081142,145.25061204,1
-27.45933,152.99771,1
-33.86973122,151.20765629,1
-42.8333,147.45,1
-37.8103657,144.96319827,1
-33.8942634,151.1824292,1
-34.90488428,138.65602565,1
-32.27600069,115.73214752,1
-33.87363,151.20359,1
-38.00506728,145.27290047,1
-33.8990163,151.1730754,1
-42.8845699,147.33056,1
-35.23271078,149.1461978,1
-27.47367338,153.01380157,1
-37.87496989,144.97635268,1
-32.05693771,115.88044163,1
-33.89338,151.16401,1
-34.9384079,138.53794898,1
-37.7956,144.975,1
-33.934135,151.178967,1
-33.90994,151.16366,1
-33.86912,151.2198751,1
-33.86407797,151.21162581,1
-31.90863309,115.79185238,1
-37.81733853,144.95602839,1
-27.4927007,152.9766044,1
-35.01443285,138.52516661,1
-33.8701,151.226,1
-38.23159,145.03943,1
-37.876,145.044,1
-37.81444578,144.90138531,1
-31.965718,115.9345645,1
-35.32815022,149.14230409,1
-27.46879,153.03563,1
-33.8318,151.2346,1
-32.0574226,115.74562702,1
-37.7113653,144.95006255,1
-33.8807199,151.21658,1
-37.83224161,144.95657348,1
-31.935474,115.871732,1
-37.8105275,144.96601047,1
-42.8787,147.31081,1
-35.2804,149.12583,1
-37.8542,144.88915,1
-31.9496,115.85861,1
-31.95027328,115.8545208,1
-27.48098851,153.026071,1
-37.79746019,144.97123581,1
-37.81366122,144.96135085,1
-33.77137969,150.93872666,1
-33.8777504,151.2137756,1
-42.88206502,147.33580112,1
-37.73991,145.00059,1
-37.76691416,144.98036687,1
-37.8242989,145.2371674,1
-33.79726612,151.18114313,1
-33.8779769,151.2039572,1
-33.86482394,151.20768066,1
-33.87623406,151.21229679,1
-33.86965,151.20589,1
-33.704706,150.873461,1
-33.73316448,150.97123437,1
-33.8979,151.18,1
-33.84787016,151.08722206,1
-37.81852494,144.95265232,1
-33.91821,151.2031,1
-37.813611,144.963056,1
-33.766041,150.816906,1
-37.78666132,145.14256019,1
-33.97651717,151.10474454,1
-37.80968,144.95783,1
-31.9557,115.8581,1
-33.90001393,151.18503057,1
-37.856419,144.858597,1
-33.81036058,151.00417576,1
-37.8676549,144.9743304,1
-33.79958419,151.2852788,1
-27.47455761,153.02016768,1
-37.80978973,144.96611068,1
-34.982,138.516,1
-42.88087167,147.32856271,1
-37.820275,145.013727,1
-37.86743429,144.97630044,1
-33.64465,151.28408,1
-33.87827218,151.20779514,1
-33.8013079,151.2083547,1
-42.88489,147.3266,1
-37.81794458,144.96610349,1
-37.81,144.976,1
-33.8815792,151.2135037,1
-34.9136,138.62896,1
-33.95096133,151.08192589,1
-37.8977,145.00472,1
-37.87181,145.02986,1
-27.50710081,153.0041245,1
-33.8653,151.163,1
-32.00371348,115.91228753,1
-33.92214473,151.16576669,1
-37.94569888,144.99617533,1
-37.93449877,144.76303971,1
-32.027775,115.897814,1
-33.8998763,151.27015975,1
-37.9014978,145.06415279,1
-33.84545,151.07097,1
-27.6247579,153.15762927,1
-27.45891,153.0349699,1
-33.858,151.2101,1
-27.46306444,153.01393174,1
-33.897,151.1793,1
-27.23494198,153.11503887,1
-37.81975143,144.95685339,1
-37.79222,144.97613,1
-33.82477,151.24061,1
-33.87672046,151.20643137,1
-33.822429,151.250895,1
-33.8926201,151.1868134,1
-31.93853,115.9209976,1
-33.8446,151.204,1
-33.99127393,151.23183314,1
-37.80775,144.97628,1
-33.87655936,151.20761067,1
-33.8608,151.211,1
-33.8990083,151.1731454,1
-27.47257682,153.02669013,1
-33.95757992,151.13992489,1
-37.79675503,144.86259527,1
-37.81673971,144.89172149,1
-33.99628,150.86471,1
-38.0361786,145.3430176,1
-33.86642251,151.2012542,1
-33.94381,151.20057,1
-33.85908,151.22207,1
-34.97034326,138.68100864,1
-34.935626,138.607313,1
-38.05389907,145.36121491,1
-27.5485905,153.26567274,1
-37.76688265,144.98033631,1
-33.8862241,151.20691494,1
-33.86663339,151.20317127,1
-31.6727,115.706,1
-37.81038704,144.96672252,1
-34.06808057,150.74882977,1
-33.85752,151.18055,1
-37.82435879,144.95342161,1
-37.80723815,144.97506747,1
-33.94554945,150.91592789,1
-33.8686708,151.20661158,1
-27.47694856,153.02846029,1
-33.98623025,151.12008171,1
-33.78735119,150.94910145,1
-37.81821053,144.95119429,1
-37.97932911,145.11217585,1
-33.78159749,151.28868769,1
-33.7814,151.291,1
-33.862966,151.2123993,1
-33.8754107,151.2069538,1
-33.85516012,151.18721894,1
-33.88235681,151.20140031,1
-27.51724,153.25627,1
-37.81241359,144.96407657,1
-31.9414537,115.8696552,1
-38.00524425,145.25826087,1
-32.01889,115.93475,1
-37.8,145,1
-37.7946,144.9362,1
-33.86956198,151.19915769,1
-33.8741299,151.2066926,1
-31.90781,115.75877,1
-31.974,116.058,1
-37.7714801,144.96150536,1
-37.9115899,145.04313,1
-37.95,145,1
-33.89376125,151.25138504,1
-31.941057,115.84161,1
-37.88472317,144.6904403,1
-37.82532554,144.99504814,1
-34.92384913,138.60863218,1
-33.87045,151.26899,1
-33.801307,151.208243,1
-33.79104,151.08434,1
-37.91041396,145.01412392,1
-27.45724,153.03295,1
-37.81248129,144.96243389,1
-34.95,138.6,1
-33.8760151,151.22584,1
-33.87371118,151.22073874,1
-37.65,145.033,1
-27.47922,153.01261,1
-31.93792619,115.75574934,1
-33.8995,151.179,1
-27.527,153.015,1
-27.6853621,152.9058822,1
-33.87538,151.20937,1
-37.96404703,145.22619854,1
-33.8774299,151.2063,1
-27.46993,153.02713,1
-33.91525833,151.22781065,1
-37.78004168,144.93164599,1
-33.87227,151.20473,1
-34.03490039,151.10054291,1
-37.82139667,144.96462206,1
-32.07111,115.90927,1
-37.78036,144.99699,1
-37.83462,144.94643,1
-37.81053443,144.96570563,1
-33.8915,151.136,1
-33.7667,151.292,1
-33.87652,151.22206,1
-37.803203,145.241833,1
-27.27597,152.93536,1
-35.031,138.52187,1
-37.86295,145.02803,1
-33.82660468,151.13864303,1
-27.50074695,153.03650555,1
-37.77483582,144.96082134,1
-34.00794444,151.1276083,1
-27.4632606,153.0211505,1
-33.88564,151.20206,1
-34.91648082,138.59944208,1
-27.485911,152.99319,1
-37.76621596,145.10943313,1
-37.8427789,144.93339268,1
-33.91565,151.22518,1
-33.87590308,151.20634895,1
-33.875258,151.222233,1
-37.846,144.97,1
-37.85345,144.97486,1
-37.9193548,145.01680422,1
-33.87273794,151.20815893,1
-33.80076,151.29872,1
-33.8764586,151.18864575,1
-33.8911863,151.22450099,1
-35.36489,149.09637,1
-37.670499,144.849019,1
-37.8072299,144.96025,1
-37.83136575,144.95506167,1
-37.85438,145.1624799,1
-37.85216,144.99442,1
-31.99887742,116.00545089,1
-27.4593472,153.0339434,1
-33.88575772,151.20987826,1
-33.87597433,151.20634293,1
-33.76300483,150.9062022,1
-33.79526896,151.18640184,1
-37.67130998,144.84773969,1
-37.773201,144.882203,1
-33.87860518,151.20904054,1
-34.97574804,138.53975103,1
-27.4530331,153.00550543,1
-37.81034444,144.96641229,1
-34.9454042,138.5237246,1
-33.91268294,151.15274737,1
-33.88317,151.21083,1
-27.61295342,152.74817887,1
-27.4868,152.977,1
-38.04626969,145.12378704,1
-31.87667,115.7511,1
-27.45262753,153.19007635,1
-33.86942,151.20763,1
-33.84929403,151.21143804,1
-33.877768,151.102867,1
-33.86404869,151.20330325,1
-37.841,144.982,1
-31.96406,115.87948,1
-37.81814113,144.96112347,1
-33.7295006,151.286042,1
-34.90584,138.59545,1
-32.10645,115.76277,1
-33.87041835,151.26289585,1
-37.80512534,144.97125925,1
-37.81831504,144.96592948,1
-35.3207499,149.09423,1
-37.85581,144.99245,1
-33.93386032,151.17798041,1
-33.86470523,151.20219469,1
-33.86143213,151.07212945,1
-33.85218833,151.13861117,1
-33.95763125,151.13990314,1
-33.86901257,151.22022575,1
-33.6051,150.82272,1
-27.46713364,153.0473119,1
-33.86784996,151.19529605,1
-32.04713,115.75254,1
-35.009912,138.540031,1
-38.2167,145.033,1
-27.38673162,153.03133712,1
-33.921376,151.067473,1
-33.80985427,151.0051918,1
-33.87574246,151.21238708,1
-33.8843,151.19862,1
-33.8685,151.199,1
-34.92149871,138.52312596,1
-32.05339,115.74907,1
-33.8843863,151.2013979,1
-33.91695,151.20287,1
-35.34404511,149.08651114,1
-37.9,144.6667,1
-33.89909,151.18344,1
-27.407,153.034,1
-33.831022,151.201545,1
-37.7559,145.027,1
-33.89429,151.22487,1
-27.21228628,153.06179017,1
-33.86812552,151.20445184,1
-34.00546635,151.06063334,1
-33.87272,151.20755,1
-37.81355189,144.95735835,1
-27.52054,152.97528,1
-33.91785704,151.23494998,1
-33.88720186,151.17431956,1
-37.76877,144.97202,1
-33.747561,150.908605,1
-37.86389,144.98304,1
-34.05098103,151.15629003,1
-31.9751,115.82079,1
-37.83088297,144.95710493,1
-32.107,115.867,1
-33.79024,151.08312,1
-37.81219862,144.97230659,1
-37.71905515,144.89893233,1
-27.4931,152.979,1
-37.7772,144.8244,1
-33.8793,151.21553,1
-33.8325315,151.0860017,1
-37.81272942,144.96186912,1
-33.8651696,151.20987443,1
-42.90258035,147.32704388,1
-33.81215417,150.8717519,1
-37.8171237,144.97289061,1
-27.50996409,153.28939696,1
-33.91252677,151.15269607,1
-27.51298804,153.246714,1
-37.81021751,144.96646,1
-34.90361,138.59474,1
-31.954074,115.855036,1
-37.84112525,144.95459447,1
-27.4698105,153.0237732,1
-37.806,144.98462,1
-33.8676351,151.2108902,1
-33.78761642,151.21259948,1
-34.83066,138.68912,1
-33.80540163,150.93160675,1
-37.79627,144.96142,1
-37.8557281,144.9919739,1
-33.878642,151.205553,1
-33.93134,151.18754,1
-34.92575,138.6073,1
-33.88495,151.21171,1
-37.75607831,144.9160186,1
-37.82667875,145.05837449,1
-33.88014,151.21583,1
-33.77883,151.28392,1
-38.04153426,145.13753656,1
-33.74671656,150.90011358,1
-37.80329,144.95857,1
-33.87619,151.14633,1
-33.6542504,151.10505847,1
-37.831359,144.945515,1
-37.86774557,144.97676397,1
-37.81473,144.9659,1
-27.4659,153.023,1
-33.906,151.203,1
-33.8965302,151.1790161,1
-27.57910624,152.8080366,1
-33.98597,151.14483,1
-37.69704968,145.10974205,1
-37.8486571,144.99608561,1
-33.79448,151.18596,1
-37.81092,144.96976,1
-33.89946,151.2105,1
-33.75998214,150.92645757,1
-32.04389634,115.77678104,1
-37.82153,144.96247,1
-37.81045032,144.96590855,1
-35.34087995,149.08431388,1
-37.87229982,144.97588168,1
-27.3667,153.017,1
-34.98836,138.51765,1
-33.90415142,151.26772285,1
-34.928621,138.599959,1
-37.81460709,144.97211658,1
-33.89425,151.24988,1
-34.9232,138.599,1
-37.9,145.1,1
-33.70953073,151.10126135,1
-35.28378383,149.11843225,1
-37.8200999,145.0038099,1
-31.95144,115.85509,1
-35.28493,149.12508,1
-33.90706726,151.18158344,1
-27.46821995,152.99350516,1
-34.9057579,138.5960693,1
-37.94361454,145.0693634,1
-38.00658211,145.27290586,1
-37.7745015,144.997537,1
-33.84443603,151.20431407,1
-37.79598194,144.9708052,1
-31.946781,115.862708,1
-37.71322097,144.85860408,1
-42.88479,147.32721,1
-34.84510884,138.4947916,1
-27.5649,153.0665,1
-31.94738,115.85639,1
-33.91266028,151.152831,1
-33.9818,151.0596,1
-37.84454282,144.87862308,1
-33.7975,151.287,1
-27.4076,153.036,1
-34.85224,138.60115,1
-37.72648056,144.89499768,1
-37.81072577,144.96592511,1
-37.66597764,144.8492658,1
-34.92288346,138.60236855,1
-37.84022462,145.00227928,1
-33.8673,151.201,1
-33.8985,150.9679,1
-35.3194389,149.1324615,1
-27.50978,152.93761,1
-27.54253181,153.07287468,1
-37.8533,144.896,1
-31.89783,115.97342,1
-35.28756783,149.11599691,1
-37.81608,144.96528,1
-33.9144,151.2404,1
-27.47137,153.02423,1
-37.86665401,145.00670233,1
-31.953715,115.853196,1
-33.76451,151.27784,1
-37.9226535,145.3438351,1
-37.76162052,144.91368609,1
-27.4714,153.024,1
-31.95074,115.84212,1
-34.94571806,138.58783681,1
-33.8794899,151.20585,1
-34.00005173,151.13986934,1
-33.8641859,151.2165708,1
-33.87777,151.20628,1
-37.82489353,144.9839688,1
-33.91270922,151.15281184,1
-35.3421,149.1085,1
-33.93214453,151.17859125,1
-27.34533602,153.00899969,1
-33.90406383,151.13953792,1
-37.81673387,144.9692207,1
-33.87221377,151.20675377,1
-33.86945,151.22525,1
-33.8953,151.199,1
-37.76903791,144.92547934,1
-37.81987866,144.95654326,1
-33.87158394,151.21119184,1
-33.89983,151.27313,1
-33.88209334,151.20141149,1
-33.87596292,151.20633881,1
-37.77278,144.8858,1
-33.76858937,150.90741046,1
-33.75759238,150.68372312,1
-34.91547964,138.56621901,1
-34.83843476,138.48175297,1
-33.9134489,150.98246813,1
-37.7667,144.917,1
-35.26428772,149.12889919,1
-33.86956964,151.20184478,1
-27.2099085,152.99814078,1
-33.87014,151.20906,1
-33.82041,151.18555,1
-33.89777822,151.21211962,1
-35.33769,149.15547,1
-27.40744786,153.06773031,1
-31.95936357,115.89330464,1
-37.8117706,144.9710772,1
-38.04636617,145.12374137,1
-27.49507572,153.01380167,1
-33.90346162,151.2226347,1
-37.8235225,144.9678011,1
-33.734,150.631,1
-37.81085994,144.96418033,1
-33.87812929,151.20728234,1
-34.07026901,151.15634981,1
-33.86690898,151.20773058,1
-37.81654063,144.94814103,1
-27.62955915,152.71902304,1
-37.81486,145.22957,1
-33.8431132,151.28203938,1
-35.30760369,149.19063711,1
-33.92440033,150.98800659,1
-33.8551,151.206,1
-33.8717765,151.2075174,1
-33.7253272,151.2866627,1
-32.07302,115.77929,1
-37.91559394,145.01775692,1
-37.86280838,144.9971777,1
-33.86721969,151.16837646,1
-27.63656618,153.12779069,1
-33.86881207,151.20588541,1
-33.82776614,151.25327199,1
-33.6,151.317,1
-33.892214,151.247076,1
-33.87363417,151.21310029,1
-37.72801076,144.89759243,1
-33.79436,151.05576,1
-38.1443291,145.1221771,1
-34.92934252,138.59757185,1
-35.28955781,149.15401697,1
-35.27740331,149.12143841,1
-33.920259,151.243182,1
-37.86805586,145.23882366,1
-33.76889135,150.90715233,1
-34.8978,138.586,1
-32.05914,115.88232,1
-37.8313,144.96031,1
-37.88477341,145.01011583,1
-33.85995,151.2090399,1
-42.88094,147.33786,1
-35.31480925,149.1079344,1
-33.87930271,151.20351452,1
-35.34250485,149.1082263,1
-33.89391203,151.22599125,1
-33.884791,151.2093171,1
-37.85,145.267,1
-34.92394104,138.59990206,1
-33.72427724,151.28352646,1
-27.4711,152.971,1
-33.88397907,151.20313171,1
-37.81650822,144.96901232,1
-31.934,115.764,1
-37.82039,145.03592,1
-33.87521,151.25557,1
-33.98028201,151.23906242,1
-37.84839197,144.97601509,1
-33.87347265,151.22951993,1
-37.81442,144.96179,1
-27.42535,153.00109,1
-27.3628807,153.0614624,1
-27.5833,153.05,1
-27.50331576,152.97512168,1
-33.90044,151.17852,1
-27.58845551,153.08425944,1
-35.18756,149.13692,1
-37.82193313,144.98714221,1
-33.85624,151.1758199,1
-37.84127,144.93342,1
-33.87868264,151.20481759,1
-33.925518,151.22168,1
-31.90097,115.97166,1
-37.81735393,144.95597276,1
-33.95443929,150.9938843,1
-33.88983774,151.20735861,1
-33.883804,151.222802,1
-37.81824427,144.95113041,1
-42.84747543,147.29562129,1
-31.98,115.782,1
-37.9096203,144.9855902,1
-37.81493801,144.96286464,1
-33.91733081,151.20247364,1
-27.45167,153.06289,1
-33.74604278,150.90002581,1
-33.79338798,151.19622742,1
-37.7970525,144.86254503,1
-34.03725482,151.10178093,1
-27.50282284,152.97596169,1
-37.7008,144.774,1
-27.46964303,153.02514846,1
-38.14350582,145.12322035,1
-37.85231,144.8648,1
-33.9062134,151.26380635,1
-27.46485,153.02798,1
-33.87931603,151.20916831,1
-35.27954964,149.12965277,1
-37.84161223,144.97753944,1
-33.8841,151.194,1
-33.93219906,151.17804487,1
-33.89261,151.19201,1
-33.7769367,151.050416,1
-27.40327312,153.11021847,1
-35.35508351,149.08138528,1
-42.9833,147.317,1
-27.40389074,153.1099889,1
-37.90150695,145.06404321,1
-37.81687809,144.95726875,1
-38.01792601,145.30451631,1
-37.83308604,144.95781898,1
-27.56183712,153.08030465,1
-33.8374287,151.1971768,1
-37.82683,145.02322,1
-33.8775,151.193333,1
-37.8722,145.024,1
-37.90148953,145.06407411,1
-35.28234,149.11632,1
-33.90840668,151.16510635,1
-27.46698,153.0467899,1
-33.8908858,151.1175653,1
-27.2333,152.983,1
-27.50235,153.00637,1
-33.87284,151.20956,1
-37.8056881,144.9829242,1
-33.87891,151.21558,1
-37.8487139,144.96899843,1
-37.84593,144.99452,1
-35.32143386,149.05531049,1
-33.91974,151.198352,1
-33.88194021,151.20237213,1
-37.77831,144.98839,1
-33.94074315,151.19140148,1
-31.965051,115.87799,1
-35.31153068,149.133292,1
-37.7833,145.05,1
-38.01926385,145.3055232,1
-37.813772,144.9728453,1
-33.88233383,151.20627165,1
-33.8854334,151.20165774,1
-37.91418964,145.14214376,1
-27.47004635,153.02657427,1
-34.03255818,151.09132947,1
-33.8688885,151.20716957,1
-37.820713,145.17525,1
-33.730751,150.9730835,1
-31.8947,115.76,1
-33.8862762,151.2075043,1
-33.86441,151.20829,1
-37.86962975,144.98114215,1
-33.9024333,151.2036232,1
-37.81114809,144.96608274,1
-37.80157907,144.96687417,1
-37.8212,144.96519,1
-27.53421129,152.96845025,1
-33.88249341,151.20180665,1
-27.47699067,153.02818017,1
-33.90773911,151.22333854,1
-27.4746,153.017,1
-31.9744,115.897,1
-34.02236301,150.76043881,1
-33.79747525,151.18101395,1
-33.8653097,151.2052667,1
-38.04411683,145.12457012,1
-37.83796618,144.99473343,1
-33.91909,151.077,1
-33.87588053,151.2152946,1
-33.87167,151.22258,1
-34.92577,138.60396,1
-37.81209,144.96039,1
-34.89194606,138.68133187,1
-33.95,151.15,1
-33.80710833,151.08694593,1
-33.87238,151.22432,1
-32.00479176,115.8929645,1
-33.87310098,151.21322347,1
-37.817,144.946,1
-37.81074739,144.96567139,1
-34.92947886,138.59767377,1
-33.81928517,151.2967752,1
-37.76428,144.96127,1
-37.761632,144.91368091,1
-32.20954055,115.78905755,1
-33.87515969,151.20672264,1
-37.86196268,144.72916603,1
-27.5828,152.917,1
-27.65869274,153.17115274,1
-37.85658,145.02769,1
-32.0542,115.878,1
-27.44558447,153.02978762,1
-33.69272253,150.9490516,1
-37.81091664,144.96657655,1
-33.88418645,151.19427681,1
-34.93,138.60801,1
-27.48514,152.99097,1
-37.85884,144.97947,1
-27.45310356,153.03377867,1
-37.85664,144.98345,1
-37.80469351,144.98863451,1
-33.95311187,151.14887003,1
-37.82227,145.03382,1
-34.83819513,138.48238767,1
-37.7883,144.932,1
-34.9659966,138.51375818,1
-37.81219119,144.96193886,1
-33.69209426,151.21911495,1
-34.9271,138.596,1
-37.7688235,144.87791061,1
-34.925824,138.60104799,1
-37.80082,144.91645,1
-37.81815737,144.99581196,1
-27.48918168,153.05229303,1
-33.68948574,151.22411664,1
-37.811852,144.956403,1
-37.84176466,144.93103662,1
-33.8759,151.2,1
-37.7951,145.2836299,1
-33.84798781,151.20993998,1
-32.0523,115.757,1
-33.89156534,151.22485399,1
-37.80479919,144.94934638,1
-33.90232709,151.16657353,1
-33.8626999,151.16899,1
-33.87863,151.21307,1
-37.82020909,144.96524334,1
-37.90546005,145.00189394,1
-38.00509042,145.27288428,1
-37.76628,144.96205,1
-33.87437,151.20938,1
-32.00465771,115.89320834,1
-33.867759,151.102295,1
-33.92801,150.84805,1
-27.503844,153.034885,1
-42.83450652,147.2773516,1
-33.93023056,151.15401645,1
-27.4122105,153.0514374,1
-27.6,152.867,1
-37.83868,144.988,1
-37.71990024,144.83648983,1
-35.277152,149.122174,1
-37.7894274,144.94296969,1
-33.8790942,151.1781989,1
-37.81709,144.95294,1
-33.88336742,151.19439633,1
-35.18390062,149.1300266,1
-27.46349962,153.02719116,1
-27.4861067,153.0251956,1
-33.7252961,151.286678,1
-33.86834667,151.22032167,1
-35.3344,149.0461,1
-33.8604,151.213,1
-33.90259407,151.16627639,1
-31.94852,115.85733,1
-33.76695,151.29963,1
-33.87545,151.23107,1
-33.80741023,150.99969468,1
-31.93899368,115.86332748,1
-37.84326,144.9464,1
-33.8872392,151.2067535,1
-37.81016443,144.96678531,1
-31.95028521,115.85645595,1
-33.75124796,150.6902735,1
-33.91280894,151.152649,1
-33.87602406,151.20373715,1
-37.76921,144.77491,1
-37.81043928,144.96587374,1
-34.03288,151.08233,1
-35.24639231,149.10196118,1
-33.81227946,151.10596039,1
-33.8227402,151.1942171,1
-33.9167,151.217,1
-33.90674,151.19206,1
-33.85756599,151.20779557,1
-33.73309145,150.97122599,1
-37.81414,144.95783,1
-34.92147,138.63533,1
-38.01811478,145.3025322,1
-33.86541889,151.2087627,1
-33.8464699,151.04325,1
-37.81022248,144.9630396,1
-37.84413681,144.97895118,1
-31.9589999,115.8909462,1
-31.92087357,115.86741296,1
-33.91235826,151.15274412,1
-37.85009274,144.95083866,1
-33.86560833,151.20143,1
-33.92090091,151.23089796,1
-35.27876,149.13283,1
-35.0256531,138.57216526,1
-33.83856,151.25515,1
-33.83965,151.20541,1
-32.238777,115.779338,1
-33.86083,151.21291,1
-33.8883028,151.16677538,1
-37.77724515,144.92346311,1
-37.77356867,144.92737625,1
-33.8757,151.202,1
-35.28034,149.132495,1
-33.88637,151.21908,1
-37.81060963,144.96602319,1
-33.87794,151.20774,1
-33.8747711,151.2078094,1
-33.93237676,151.17813058,1
-37.7583,145.313,1
-34.046,151.16,1
-37.81227,145.0753499,1
-33.89501299,151.27445344,1
-27.4601793,153.0374111,1
-34.93105,138.60052,1
-37.82324178,144.95800862,1
-37.80385116,144.97121873,1
-37.82646,144.99072,1
-37.949883,145.004121,1
-33.82478475,151.2511303,1
-37.799167,144.941111,1
-33.87826,151.16171,1
-38.38057,144.85754,1
-37.7598,144.981,1
-33.9041,151.18,1
-27.47691988,153.03489514,1
-33.77284498,150.98157746,1
-37.81024406,144.96634903,1
-31.74866459,115.75142229,1
-31.9517,115.85407,1
-27.4666667,153.05,1
-37.81821771,144.96653184,1
-37.80734273,144.9580121,1
-33.936539,151.167895,1
-35.27727909,149.12101507,1
-37.81872965,144.94897232,1
-37.81245,144.97101,1
-33.76299,150.98018,1
-37.81173179,144.96913268,1
-33.77729244,151.12140656,1
-33.858935,151.278408,1
-37.80225,144.8975199,1
-31.99487402,115.85582119,1
-33.6911079,150.92489855,1
-27.43658,153.06505,1
-37.81114731,144.96606642,1
-38.04859426,145.35490451,1
-37.8024252,145.0005184,1
-37.82121,144.94592,1
-33.92475281,151.05584238,1
-37.91563514,145.06066404,1
-37.84502,144.95082,1
-33.89935431,151.18350535,1
-35.00339732,138.5864287,1
-33.89586733,151.2593369,1
-33.86799551,151.20936864,1
-33.86397471,151.20761812,1
-33.84935,151.2198486,1
-35.25187667,149.12427143,1
-37.7617358,144.91363339,1
-34.0074522,151.2175122,1
-37.82146636,144.97891767,1
-37.8227155,144.98713771,1
-37.81282062,144.96195886,1
-37.8198656,145.01370448,1
-33.88629,151.21356,1
-33.87597464,151.20635157,1
-33.88597,151.19853,1
-37.97176541,145.02187619,1
-33.7346093,151.0030176,1
-37.9,144.66666667,1
-27.07948729,152.95099092,1
-31.9462,115.837,1
-33.7828,151.28,1
-37.8667,144.833,1
-37.80581497,144.98269072,1
-33.89377176,151.19135847,1
-33.87942797,151.21850214,1
-27.47883537,153.02176638,1
-32.057801,115.880346,1
-33.87234819,151.20894921,1
-27.45808832,153.03454294,1
-31.94736,115.85501,1
-33.92547868,151.05613518,1
-37.81432,144.97133,1
-33.86052,151.20345,1
-31.89569674,115.83264288,1
-37.79927,144.97852,1
-37.81593861,144.97244601,1
-37.81964194,144.95445425,1
-31.95449,115.8578,1
-33.8832,151.20957,1
-37.7983,144.986,1
-34.92611525,138.57049794,1
-37.79792,144.98656,1
-33.88233327,151.20242236,1
-32.16021805,115.77804687,1
-34.9326531,138.57529431,1
-34.92237711,138.60882402,1
-33.8667,151.20367,1
-33.81562,151.01021,1
-37.80605,144.97842,1
-37.79876434,144.96758897,1
-37.79221804,144.92582233,1
-34.8754,138.568,1
-37.79932,144.90041,1
-27.6128,153.0324,1
-27.49975,153.03044,1
-33.8525,151.246,1
-33.8368,151.281,1
-37.81216,144.96472,1
-37.74508049,144.99797958,1
-33.8679085,151.20961,1
-37.72805556,144.90194444,1
-37.8818099,144.9762386,1
-27.4517672,153.01584236,1
-33.87986689,151.20392931,1
-33.86882,151.209296,1
-27.45226198,153.04215472,1
-32.53302,115.71456,1
-34.9025993,138.5898743,1
-27.47439,153.018997,1
-34.89454139,138.67724769,1
-37.82298792,144.98341319,1
-37.81065885,144.96609878,1
-37.79798798,144.96770876,1
-37.8512893,144.99313831,1
-37.88513139,145.16690103,1
-27.3841697,153.1194597,1
-33.89500743,151.27446229,1
-31.9333,115.883,1
-37.77147066,144.99837513,1
-34.05429157,151.15234425,1
-33.8167,150.967,1
-33.87124307,151.20172011,1
-33.60973,150.81749,1
-37.74602724,144.96588707,1
-37.81039005,144.96632378,1
-35.27295,149.13171,1
-35.31109799,149.14363146,1
-38.0333,145.35,1
-27.47052198,153.02521839,1
-33.95397,151.20428,1
-37.8131,144.951,1
-37.80468186,145.28918357,1
-33.8074,151.201,1
-37.77715148,144.92946232,1
-27.45642675,153.04033901,1
-37.9367401,145.0298981,1
-35.3119218,149.14628271,1
-37.83181,144.97111,1
-37.84797,145.00351,1
-32.5646,115.7662,1
-34.84381,138.50188,1
-33.85949,151.18153,1
-33.89441384,151.22832909,1
-33.9,151.183,1
-31.94393247,115.96889019,1
-37.80935,144.96904,1
-37.97530359,145.01631744,1
-27.43208234,153.0315567,1
-27.40362706,153.1099391,1
-27.4851,153.01935,1
-35.185,149.134,1
-37.8428968,144.88355822,1
-37.8204416,144.9684728,1
-34.055223,150.69432,1
-32.0581,115.745,1
-33.73355326,151.27855066,1
-37.8167,145.367,1
-37.81046825,144.96603875,1
-37.85974,145.24063,1
-38.0050926,145.27287888,1
-34.9188184,138.6046607,1
-33.89201944,151.19873056,1
-37.79205965,144.95211191,1
-33.8858631,151.1892236,1
-37.81060809,144.96519692,1
-27.46656,153.02961,1
-33.8389,151.217,1
-31.93097237,115.85874884,1
-34.91742,138.49349,1
-33.85762567,151.21470128,1
-37.8228,144.982,1
-31.93411694,115.87206924,1
-33.88881,151.23266,1
-33.87524618,151.20783717,1
-27.43961,153.00907,1
-33.86379,151.20215,1
-37.81475248,144.96433489,1
-33.87577809,151.21100307,1
-31.95789593,115.87373673,1
-37.84738593,145.11445903,1
-33.7833,150.933,1
-27.4167,152.967,1
-34.9112,138.707,1
-33.7723,151.00774,1
-34.873087,138.566919,1
-42.9117,147.339,1
-33.87760747,151.20754253,1
-33.8591,151.2002,1
-37.81233,144.93599,1
-27.47783228,153.02923245,1
-37.72567279,144.89243931,1
