Location,DayOfWeek,TimeOfDay,Count,Sum,Avg
Adelaide,Sunday,00,23910,602197.210000016,25.1859979088254
Adelaide,Sunday,01,20749,515635.810000003,24.8511161983711
Adelaide,Sunday,02,18713,458182.239999996,24.4847026131564
Adelaide,Sunday,03,18038,457888.079999997,25.3846368777025
Adelaide,Sunday,04,17354,425220.379999995,24.5027302062922
Adelaide,Sunday,05,18084,499510.549999995,27.6216849148416
Adelaide,Sunday,06,18622,473146.619999994,25.4079379228866
Adelaide,Sunday,07,21946,551462.230000002,25.1281431695982
Adelaide,Sunday,08,25659,649159.990000014,25.2995046572358
Adelaide,Sunday,09,28564,706636.580000028,24.738712365216
Adelaide,Sunday,10,31154,824546.920000039,26.4668074725569
Adelaide,Sunday,11,31530,802310.31000004,25.445934348241
Adelaide,Sunday,12,29693,747553.630000025,25.1760896507603
Adelaide,Sunday,13,27985,663018.790000021,23.6919346078264
Adelaide,Sunday,14,26983,633012.04000002,23.4596612682067
Adelaide,Sunday,15,25633,597846.610000012,23.3233179885309
Adelaide,Sunday,16,25065,573000.650000012,22.8605884699786
Adelaide,Sunday,17,25911,599263.900000018,23.1277797074608
Adelaide,Sunday,18,26755,611496.340000011,22.85540422351
Adelaide,Sunday,19,28114,664968.76000003,23.6525844774856
Adelaide,Sunday,20,29212,651039.210000025,22.2867044365338
Adelaide,Sunday,21,30290,690419.810000028,22.7936550016516
Adelaide,Sunday,22,29170,682835.240000016,23.4088186492978
Adelaide,Sunday,23,26478,630440.660000023,23.8099803610553
Adelaide,Monday,00,23654,563013.880000006,23.8020580028751
Adelaide,Monday,01,21289,486175.760000002,22.8369467800274
Adelaide,Monday,02,19404,445423.019999999,22.9552164502164
Adelaide,Monday,03,18270,401569.629999996,21.9797279693484
Adelaide,Monday,04,17141,403064.829999996,23.5146625051045
Adelaide,Monday,05,18435,443211.29,24.0418383509628
Adelaide,Monday,06,21261,489772.07,23.0361728046658
Adelaide,Monday,07,24674,549197.110000003,22.2581304206859
Adelaide,Monday,08,27576,609745.870000009,22.1114690310418
Adelaide,Monday,09,30814,732888.72000002,23.7842772765633
Adelaide,Monday,10,32608,753541.970000018,23.1091134077533
Adelaide,Monday,11,33704,775918.210000023,23.021546700689
Adelaide,Monday,12,31463,692983.540000017,22.0253485045932
Adelaide,Monday,13,28796,651202.040000011,22.6143228226147
Adelaide,Monday,14,26504,614046.730000015,23.1680776486574
Adelaide,Monday,15,24907,580428.640000008,23.3038358694346
Adelaide,Monday,16,26498,578703.770000013,21.8395263793499
Adelaide,Monday,17,25796,540587.100000005,20.9562374011476
Adelaide,Monday,18,26519,511555.7,19.2901579999246
Adelaide,Monday,19,27792,617833.400000005,22.2306203223951
Adelaide,Monday,20,29661,657718.500000015,22.1745220997274
Adelaide,Monday,21,31142,673730.890000018,21.6341561235636
Adelaide,Monday,22,30071,638127.760000013,21.2207030028936
Adelaide,Monday,23,26440,592515.050000011,22.4097976550685
Adelaide,Tuesday,00,22828,530436.840000009,23.236237953391
Adelaide,Tuesday,01,20630,484185.130000003,23.4699529810957
Adelaide,Tuesday,02,18704,430995.939999996,23.0429822497859
Adelaide,Tuesday,03,17995,450897.649999999,25.0568296749096
Adelaide,Tuesday,04,17486,440132.289999996,25.1705530138394
Adelaide,Tuesday,05,17864,428656.559999999,23.995553067622
Adelaide,Tuesday,06,20909,490952.090000004,23.4804194366064
Adelaide,Tuesday,07,24310,535389.900000009,22.023443027561
Adelaide,Tuesday,08,27604,603315.420000007,21.8560867990149
Adelaide,Tuesday,09,31853,713671.55000002,22.405159639595
Adelaide,Tuesday,10,33925,824945.370000031,24.3167389830518
Adelaide,Tuesday,11,34752,857110.060000023,24.6636182090246
Adelaide,Tuesday,12,32152,768076.790000029,23.8889272829071
Adelaide,Tuesday,13,29362,713478.610000021,24.2993873033179
Adelaide,Tuesday,14,26537,623382.290000014,23.4910611598905
Adelaide,Tuesday,15,25059,550116.450000008,21.9528492757096
Adelaide,Tuesday,16,25008,556562.370000007,22.2553730806145
Adelaide,Tuesday,17,25637,527918.75000001,20.5920642040804
Adelaide,Tuesday,18,26405,520946.900000006,19.7291005491386
Adelaide,Tuesday,19,27294,616758.290000019,22.5968450941606
Adelaide,Tuesday,20,29768,662161.470000021,22.2440698065043
Adelaide,Tuesday,21,30950,670232.820000022,21.6553415185791
Adelaide,Tuesday,22,29393,637343.25000002,21.6835045759201
Adelaide,Tuesday,23,25988,577184.180000008,22.2096421425276
Adelaide,Wednesday,00,22637,506399.590000004,22.3704373371032
Adelaide,Wednesday,01,20395,464299.620000001,22.7653650404511
Adelaide,Wednesday,02,18931,418987.549999992,22.1323516982722
Adelaide,Wednesday,03,18190,396747.429999994,21.8112935678941
Adelaide,Wednesday,04,17495,386061.259999993,22.0669482709342
Adelaide,Wednesday,05,18195,403573.459999994,22.1804594668862
Adelaide,Wednesday,06,20541,408369.259999989,19.8806903266632
Adelaide,Wednesday,07,24493,505999.43,20.6589405136161
Adelaide,Wednesday,08,27404,591671.850000012,21.5907112100428
Adelaide,Wednesday,09,30989,679291.120000018,21.9203949788641
Adelaide,Wednesday,10,33746,744416.190000032,22.0593904462761
Adelaide,Wednesday,11,33241,718920.810000018,21.6275325652062
Adelaide,Wednesday,12,31934,678360.810000018,21.2425881505611
Adelaide,Wednesday,13,29163,587870.840000014,20.1581058190177
Adelaide,Wednesday,14,26559,517913.190000002,19.5004778041343
Adelaide,Wednesday,15,24530,485908.489999999,19.8087439869547
Adelaide,Wednesday,16,24498,493674.570000002,20.1516274797943
Adelaide,Wednesday,17,24435,463010.889999997,18.9486756701452
Adelaide,Wednesday,18,25203,472090.850000003,18.7315339443718
Adelaide,Wednesday,19,26601,575511.440000005,21.634955076877
Adelaide,Wednesday,20,28708,626876.42000002,21.8362971993876
Adelaide,Wednesday,21,29830,654110.140000019,21.9279296010734
Adelaide,Wednesday,22,28072,617313.840000013,21.9903761755491
Adelaide,Wednesday,23,24740,533816.290000007,21.5770529506874
Adelaide,Thursday,00,21753,458718.11,21.0875791844803
Adelaide,Thursday,01,19338,404054.209999994,20.8943122349774
Adelaide,Thursday,02,18149,400884.179999996,22.0884996418533
Adelaide,Thursday,03,16752,372301.509999995,22.2243021728746
Adelaide,Thursday,04,16723,394960.079999995,23.617776714704
Adelaide,Thursday,05,18171,445462.65,24.5150321941555
Adelaide,Thursday,06,20438,451778.979999998,22.1048527253155
Adelaide,Thursday,07,24477,552470.400000006,22.5710013482047
Adelaide,Thursday,08,28011,629900.870000014,22.4876252186646
Adelaide,Thursday,09,31105,721050.110000023,23.1811641215246
Adelaide,Thursday,10,31986,749917.940000025,23.4451928968932
Adelaide,Thursday,11,32885,767259.880000026,23.331606507527
Adelaide,Thursday,12,32035,762636.780000028,23.806361167474
Adelaide,Thursday,13,29138,678504.360000021,23.2858933351644
Adelaide,Thursday,14,27743,645031.770000018,23.2502530368027
Adelaide,Thursday,15,25413,598705.150000006,23.559011136033
Adelaide,Thursday,16,25893,585168.130000009,22.5994720580855
Adelaide,Thursday,17,26538,577155.690000005,21.7482737960662
Adelaide,Thursday,18,27231,586752.760000009,21.5472351364257
Adelaide,Thursday,19,27976,653353.480000027,23.3540706319712
Adelaide,Thursday,20,30517,704193.430000029,23.0754474555176
Adelaide,Thursday,21,32193,736475.280000026,22.8768763395778
Adelaide,Thursday,22,30711,732099.810000027,23.8383579173595
Adelaide,Thursday,23,27391,654485.650000015,23.8941860465122
Adelaide,Friday,00,23692,602047.760000007,25.4114367719064
Adelaide,Friday,01,21461,508544.680000005,23.6962247798334
Adelaide,Friday,02,20245,445329.629999991,21.9970180291425
Adelaide,Friday,03,18709,402901.149999986,21.5351515313478
Adelaide,Friday,04,18396,405873.19999999,22.0631224179164
Adelaide,Friday,05,18848,442854.229999995,23.4960860568758
Adelaide,Friday,06,21769,513095.050000005,23.5699871376731
Adelaide,Friday,07,25927,596033.990000008,22.9889300728973
Adelaide,Friday,08,29818,687356.490000022,23.0517301629895
Adelaide,Friday,09,32452,799192.57000003,24.6269126710227
Adelaide,Friday,10,33732,850363.51000003,25.2094008656477
Adelaide,Friday,11,34394,823138.990000039,23.9326333081363
Adelaide,Friday,12,33508,792770.290000032,23.6591348334736
Adelaide,Friday,13,31082,737377.270000023,23.7236107715084
Adelaide,Friday,14,29137,705093.59000002,24.1992514672073
Adelaide,Friday,15,27220,673099.290000012,24.7281149889791
Adelaide,Friday,16,26992,631169.700000016,23.3835840248969
Adelaide,Friday,17,26088,595381.640000011,22.8220499846677
Adelaide,Friday,18,26046,578504.180000013,22.210864624127
Adelaide,Friday,19,26978,613873.720000013,22.75460449255
Adelaide,Friday,20,28783,677886.970000024,23.5516440259884
Adelaide,Friday,21,29864,685896.940000017,22.9673499866065
Adelaide,Friday,22,30077,704783.350000026,23.432634571268
Adelaide,Friday,23,26579,609434.180000012,22.9291613679977
Adelaide,Saturday,00,23192,549006.500000009,23.6722361159024
Adelaide,Saturday,01,20735,490992.850000003,23.6794236797686
Adelaide,Saturday,02,19330,456981.590000001,23.6410548370409
Adelaide,Saturday,03,17756,431188.609999996,24.2841073439961
Adelaide,Saturday,04,17065,409417.279999993,23.9916366832695
Adelaide,Saturday,05,17280,435519.409999996,25.203669560185
Adelaide,Saturday,06,20037,486887.570000001,24.2994245645556
Adelaide,Saturday,07,22363,552122.540000011,24.6891087957792
Adelaide,Saturday,08,24969,592456.930000014,23.7276995474394
Adelaide,Saturday,09,27106,641561.650000013,23.6686213384495
Adelaide,Saturday,10,29451,711933.260000024,24.1734834131277
Adelaide,Saturday,11,29192,682755.570000024,23.3884478624289
Adelaide,Saturday,12,28616,677972.750000022,23.6920865949127
Adelaide,Saturday,13,27650,640038.410000019,23.1478629294763
Adelaide,Saturday,14,26223,626012.850000017,23.8726633108346
Adelaide,Saturday,15,24383,569650.450000008,23.3626071443222
Adelaide,Saturday,16,24536,569029.400000006,23.1916123247476
Adelaide,Saturday,17,23520,557924.380000007,23.7212746598643
Adelaide,Saturday,18,23908,538010.530000007,22.5033683285932
Adelaide,Saturday,19,23924,550880.260000009,23.0262606587531
Adelaide,Saturday,20,25091,592075.600000007,23.5971304451798
Adelaide,Saturday,21,27485,659106.840000011,23.980601782791
Adelaide,Saturday,22,27245,658090.270000012,24.1545336759043
Adelaide,Saturday,23,26102,625765.360000018,23.9738472147735
Brisbane,Sunday,00,32558,762293.190000023,23.41339117882
Brisbane,Sunday,01,29204,677695.770000017,23.2055803999458
Brisbane,Sunday,02,26668,632034.560000015,23.7001109944508
Brisbane,Sunday,03,25718,601016.540000009,23.3694898514662
Brisbane,Sunday,04,25683,624698.720000004,24.3234326207999
Brisbane,Sunday,05,25752,626489.020000015,24.3277811432128
Brisbane,Sunday,06,28587,731207.510000015,25.5783226641486
Brisbane,Sunday,07,33584,803278.120000026,23.918476655551
Brisbane,Sunday,08,38619,932980.490000017,24.1585874828457
Brisbane,Sunday,09,43178,998486.490000013,23.1248897586737
Brisbane,Sunday,10,44623,1033738.89000002,23.1660553974412
Brisbane,Sunday,11,44799,1014015.99,22.634790731936
Brisbane,Sunday,12,43466,952985.830000011,21.9248568996459
Brisbane,Sunday,13,40411,885944.140000021,21.9233411694841
Brisbane,Sunday,14,39356,867380.260000022,22.0393398719388
Brisbane,Sunday,15,39516,862684.580000034,21.8312729021165
Brisbane,Sunday,16,38610,903306.050000018,23.3956500906506
Brisbane,Sunday,17,38976,884537.84000002,22.6944232348117
Brisbane,Sunday,18,39941,904250.640000009,22.6396594977594
Brisbane,Sunday,19,42468,987809.540000014,23.260090891966
Brisbane,Sunday,20,45792,1110683.56,24.2549694269741
Brisbane,Sunday,21,47133,1172708.38,24.8808346593682
Brisbane,Sunday,22,44179,1049645.95000002,23.7589341089663
Brisbane,Sunday,23,39140,916943.350000016,23.4272700562089
Brisbane,Monday,00,34235,804497.810000024,23.4992788082379
Brisbane,Monday,01,30623,722825.75000001,23.6040149560791
Brisbane,Monday,02,29838,708565.620000004,23.7470882766943
Brisbane,Monday,03,27598,675864.200000016,24.4896079426051
Brisbane,Monday,04,27194,674698.030000003,24.8105475472532
Brisbane,Monday,05,28952,695724.300000006,24.0302673390441
Brisbane,Monday,06,34018,822779.230000014,24.1865844552888
Brisbane,Monday,07,40007,952902.640000004,23.8183977803885
Brisbane,Monday,08,46387,1126174.17999999,24.2777972276713
Brisbane,Monday,09,49154,1205150.37999999,24.5178496154941
Brisbane,Monday,10,50818,1231312.32999998,24.2298463142976
Brisbane,Monday,11,51302,1191700.45999999,23.2291228412146
Brisbane,Monday,12,49695,1121531.77999999,22.5683022436864
Brisbane,Monday,13,46080,1060696.76,23.0185928819444
Brisbane,Monday,14,43794,1030779.81000001,23.5370098643651
Brisbane,Monday,15,44709,1021874.29000001,22.856120467915
Brisbane,Monday,16,43703,997043.740000002,22.8140800402719
Brisbane,Monday,17,44312,1017212.46,22.9556883011374
Brisbane,Monday,18,45662,1023968.62000001,22.4249621129168
Brisbane,Monday,19,47459,1034594.39000001,21.7997511536275
Brisbane,Monday,20,52133,1155006.17999999,22.1549916559567
Brisbane,Monday,21,53723,1144424.01,21.3023101837202
Brisbane,Monday,22,50576,1096200.39000001,21.674319637773
Brisbane,Monday,23,43295,982498.870000013,22.6931255341266
Brisbane,Tuesday,00,36731,825953.91000003,22.4865620320718
Brisbane,Tuesday,01,32655,766352.740000024,23.4681592405458
Brisbane,Tuesday,02,30602,705414.910000015,23.051268217764
Brisbane,Tuesday,03,28338,644389.620000013,22.7394177429604
Brisbane,Tuesday,04,28116,659342.310000008,23.4507863849768
Brisbane,Tuesday,05,29860,709917.320000017,23.7748600133964
Brisbane,Tuesday,06,35654,836410.70000002,23.4590985583671
Brisbane,Tuesday,07,43146,992817.259999995,23.0106443239233
Brisbane,Tuesday,08,48347,1097356.29,22.6975053260802
Brisbane,Tuesday,09,51469,1232320.04999998,23.9429569255275
Brisbane,Tuesday,10,51591,1193453.57999998,23.1329801709596
Brisbane,Tuesday,11,51770,1188155.98999997,22.9506662159545
Brisbane,Tuesday,12,49636,1134736.36999998,22.8611566201946
Brisbane,Tuesday,13,46031,1023719.88,22.2397923138755
Brisbane,Tuesday,14,44004,994637.140000001,22.6033346968458
Brisbane,Tuesday,15,43884,976966.480000011,22.2624756175374
Brisbane,Tuesday,16,42674,928121.060000019,21.7490992173225
Brisbane,Tuesday,17,43809,931164.100000024,21.2550868542999
Brisbane,Tuesday,18,44548,959837.480000005,21.5461407919549
Brisbane,Tuesday,19,46799,1015801.56,21.7056253338746
Brisbane,Tuesday,20,51072,1159401.44,22.7013126566415
Brisbane,Tuesday,21,52722,1187519.11,22.5241665718296
Brisbane,Tuesday,22,50065,1149939.45,22.9689293917906
Brisbane,Tuesday,23,43411,1011258.76,23.2949888277165
Brisbane,Wednesday,00,36614,848873.680000027,23.184401595019
Brisbane,Wednesday,01,32455,782501.960000022,24.110366969651
Brisbane,Wednesday,02,30609,748328.020000019,24.4479734718553
Brisbane,Wednesday,03,29082,695233.280000015,23.9059652018436
Brisbane,Wednesday,04,28594,706403.020000014,24.7045890746315
Brisbane,Wednesday,05,30197,737418.450000017,24.4202553233771
Brisbane,Wednesday,06,36296,875597.370000025,24.1237979391676
Brisbane,Wednesday,07,43663,1040476.22000002,23.829700661888
Brisbane,Wednesday,08,48398,1148945.64,23.7395272531922
Brisbane,Wednesday,09,52525,1259156.22999999,23.9725127082339
Brisbane,Wednesday,10,54186,1311810.06,24.2093909866016
Brisbane,Wednesday,11,53429,1299086.57999998,24.3142596717135
Brisbane,Wednesday,12,51034,1215908.07000001,23.8254510718346
Brisbane,Wednesday,13,46873,1111143.5,23.7054060973267
Brisbane,Wednesday,14,43332,1030776.87000001,23.7878904735533
Brisbane,Wednesday,15,42711,980219.48000002,22.9500475287401
Brisbane,Wednesday,16,41495,941822.110000018,22.6972432823236
Brisbane,Wednesday,17,42511,931585.180000007,21.9139794406155
Brisbane,Wednesday,18,42926,954879.850000004,22.2447898709408
Brisbane,Wednesday,19,45463,1016662.66,22.3624191100456
Brisbane,Wednesday,20,50324,1147396.18,22.8001784436849
Brisbane,Wednesday,21,50905,1160943.78000001,22.8060854532955
Brisbane,Wednesday,22,48660,1105404.99,22.7169130702836
Brisbane,Wednesday,23,40895,929011.890000014,22.7170042792521
Brisbane,Thursday,00,35562,817926.030000019,23.0000008435976
Brisbane,Thursday,01,30853,716348.460000016,23.2181136356275
Brisbane,Thursday,02,29076,664473.880000012,22.853001788417
Brisbane,Thursday,03,27739,648707.920000012,23.3861321604965
Brisbane,Thursday,04,27962,663332.040000005,23.7226249910595
Brisbane,Thursday,05,30152,719046.780000015,23.8473991775012
Brisbane,Thursday,06,36117,883092.51000001,24.4508821330678
Brisbane,Thursday,07,43004,1011803.82000001,23.5281327318391
Brisbane,Thursday,08,48179,1168421.92,24.2516847589199
Brisbane,Thursday,09,51957,1221317.88999999,23.5063204188077
Brisbane,Thursday,10,53124,1248054.6,23.4932346961824
Brisbane,Thursday,11,51968,1202270.70999998,23.1348273937804
Brisbane,Thursday,12,49611,1138763.32,22.9538473322448
Brisbane,Thursday,13,47823,1080008.39,22.5834512682183
Brisbane,Thursday,14,44471,1033171.30000002,23.232472847474
Brisbane,Thursday,15,44816,1025467.89000001,22.8817362102822
Brisbane,Thursday,16,43590,997492.469999996,22.8835161734342
Brisbane,Thursday,17,44131,981105.200000015,22.2316557521927
Brisbane,Thursday,18,45384,1017726.65000001,22.4247895734181
Brisbane,Thursday,19,48334,1095493.51,22.6650703438574
Brisbane,Thursday,20,53533,1244675.75,23.2506257822278
Brisbane,Thursday,21,54111,1269717.66999997,23.4650564580209
Brisbane,Thursday,22,50265,1181509.16999998,23.5056037003876
Brisbane,Thursday,23,43620,1054796.28,24.1814828060523
Brisbane,Friday,00,37725,896992.840000008,23.7771461895297
Brisbane,Friday,01,32931,791996.420000009,24.0501782514958
Brisbane,Friday,02,31067,778463.250000022,25.0575610776716
Brisbane,Friday,03,28488,727925.670000021,25.5520103201355
Brisbane,Friday,04,29025,770387.710000018,26.5422122308361
Brisbane,Friday,05,31157,813874.310000027,26.1217161472551
Brisbane,Friday,06,36867,935644.150000008,25.3789066102479
Brisbane,Friday,07,44761,1102607.76999998,24.6332246822007
Brisbane,Friday,08,48947,1192150.07999998,24.3559376468421
Brisbane,Friday,09,51646,1274106.74999999,24.6699986446189
Brisbane,Friday,10,52981,1284261.53999997,24.2400396368505
Brisbane,Friday,11,51073,1221313.83,23.9131014430325
Brisbane,Friday,12,48985,1189422.19000001,24.281355312851
Brisbane,Friday,13,46057,1117862.69000001,24.2712875350111
Brisbane,Friday,14,43500,1016085.81000001,23.3582944827588
Brisbane,Friday,15,42600,1002509.45000001,23.5330856807513
Brisbane,Friday,16,40625,960771.560000019,23.6497614769235
Brisbane,Friday,17,40612,935995.330000028,23.0472601694087
Brisbane,Friday,18,41817,932373.050000029,22.2965074012968
Brisbane,Friday,19,41432,973713.760000016,23.5014906352582
Brisbane,Friday,20,44191,1019770.19000002,23.0764225747328
Brisbane,Friday,21,45272,1091264.38000001,24.1046205159924
Brisbane,Friday,22,42995,979921.81000002,22.7915294801726
Brisbane,Friday,23,37888,896245.650000032,23.6551322318421
Brisbane,Saturday,00,34182,814867.740000039,23.8390889942086
Brisbane,Saturday,01,30998,754856.960000029,24.3517955997171
Brisbane,Saturday,02,28617,705930.500000024,24.668221686411
Brisbane,Saturday,03,25579,624521.06000001,24.4153821494198
Brisbane,Saturday,04,25341,603743.070000006,23.824753166805
Brisbane,Saturday,05,26503,650488.520000013,24.5439580424862
Brisbane,Saturday,06,29768,750978.960000016,25.2277264176302
Brisbane,Saturday,07,35012,849442.860000026,24.2614777790479
Brisbane,Saturday,08,39762,986739.860000015,24.8161526080181
Brisbane,Saturday,09,43257,1042914.95000001,24.1097383082509
Brisbane,Saturday,10,44915,1080869.67000001,24.0647816987645
Brisbane,Saturday,11,45077,1070858.33000002,23.7562022761057
Brisbane,Saturday,12,43379,1005230.71000002,23.1732107701888
Brisbane,Saturday,13,41001,986477.940000014,24.0598507353483
Brisbane,Saturday,14,38151,890018.390000025,23.3288351550425
Brisbane,Saturday,15,38077,888653.620000027,23.3383307508477
Brisbane,Saturday,16,36489,856625.780000023,23.4762744936837
Brisbane,Saturday,17,36822,875454.97000003,23.7753237195163
Brisbane,Saturday,18,37280,858626.940000025,23.031838519314
Brisbane,Saturday,19,38498,937009.220000021,24.339166190452
Brisbane,Saturday,20,39815,945023.430000024,23.7353617983178
Brisbane,Saturday,21,41021,982055.67000002,23.940315204408
Brisbane,Saturday,22,39921,932176.550000019,23.3505310488219
Brisbane,Saturday,23,36742,850991.660000019,23.1612775570197
Canberra,Sunday,00,9219,146539.489999999,15.8953780236467
Canberra,Sunday,01,8069,129588.01,16.0599838889577
Canberra,Sunday,02,7129,114867.76,16.1127451255436
Canberra,Sunday,03,6860,104776.34,15.2735189504373
Canberra,Sunday,04,6594,113052.339999999,17.1447285410979
Canberra,Sunday,05,7033,105184.51,14.9558524100668
Canberra,Sunday,06,8043,130797.109999999,16.2622292676861
Canberra,Sunday,07,10072,151917.969999999,15.0831979745829
Canberra,Sunday,08,11756,176705.929999999,15.0311270840421
Canberra,Sunday,09,14136,209658.919999999,14.8315591397848
Canberra,Sunday,10,14222,240453.829999998,16.9071740964701
Canberra,Sunday,11,13815,236219.709999999,17.0987846543612
Canberra,Sunday,12,13190,228413.369999998,17.3171622441242
Canberra,Sunday,13,12242,204858.819999999,16.7340973697108
Canberra,Sunday,14,11624,199510.459999998,17.1636665519613
Canberra,Sunday,15,11263,198061.16,17.5851158661103
Canberra,Sunday,16,11906,204401.019999998,17.1679002183771
Canberra,Sunday,17,11828,223739.87,18.9161202231992
Canberra,Sunday,18,12074,216402.999999999,17.9230578101706
Canberra,Sunday,19,13488,235029.679999998,17.4250948991695
Canberra,Sunday,20,15051,259298.159999997,17.2279689057203
Canberra,Sunday,21,15508,246480.519999997,15.8937657982975
Canberra,Sunday,22,14453,212051.399999998,14.6717913236005
Canberra,Sunday,23,12309,195992.679999998,15.9227134616945
Canberra,Monday,00,10386,149120.319999999,14.3578201424994
Canberra,Monday,01,9457,123753.75,13.0859416305382
Canberra,Monday,02,9015,111721.269999999,12.3928197448696
Canberra,Monday,03,9173,122558.039999999,13.3607369453831
Canberra,Monday,04,9075,117502.759999998,12.9479625344351
Canberra,Monday,05,9659,129024.779999999,13.3579852986851
Canberra,Monday,06,12064,137037.889999999,11.3592415450928
Canberra,Monday,07,14490,172260.57,11.8882380952381
Canberra,Monday,08,16476,206983.08,12.5627021121631
Canberra,Monday,09,18220,246577.639999998,13.5333501646541
Canberra,Monday,10,19576,264476.029999995,13.5102181242335
Canberra,Monday,11,20215,279684.679999999,13.8355023497402
Canberra,Monday,12,18384,251992.68,13.7071736292428
Canberra,Monday,13,17598,238192.06,13.5351778611206
Canberra,Monday,14,17153,236600.019999999,13.7935066752171
Canberra,Monday,15,16662,213856.469999998,12.8349819949585
Canberra,Monday,16,16860,242717.799999999,14.3960735468564
Canberra,Monday,17,17233,223640.729999999,12.9774693901236
Canberra,Monday,18,16508,218935.429999999,13.262383692755
Canberra,Monday,19,17149,239090.19,13.9419318910723
Canberra,Monday,20,19494,272709.519999997,13.9894080229813
Canberra,Monday,21,21320,268162.809999996,12.5779929643525
Canberra,Monday,22,19634,236115.049999999,12.0258250993174
Canberra,Monday,23,14420,186324.93,12.9212850208045
Canberra,Tuesday,00,11362,140645.42,12.3785794754445
Canberra,Tuesday,01,10262,142004.85,13.8379312024946
Canberra,Tuesday,02,9923,108782.69,10.9626816486949
Canberra,Tuesday,03,9553,112293.919999999,11.7548330367423
Canberra,Tuesday,04,9708,116942.049999999,12.0459466419447
Canberra,Tuesday,05,10429,145074.87,13.9107172307987
Canberra,Tuesday,06,13178,156873.679999998,11.904210047048
Canberra,Tuesday,07,15915,159599.15,10.0282218033302
Canberra,Tuesday,08,18139,206830.87,11.4025508572689
Canberra,Tuesday,09,20118,253863.67,12.6187329754449
Canberra,Tuesday,10,21145,272672.339999997,12.8953577677937
Canberra,Tuesday,11,20834,289317.99,13.8868191417875
Canberra,Tuesday,12,20815,282492.53,13.5715844343022
Canberra,Tuesday,13,19077,260412.32,13.6505907637469
Canberra,Tuesday,14,18555,240949.93,12.9857143627055
Canberra,Tuesday,15,17351,240727.159999999,13.8739646129906
Canberra,Tuesday,16,17785,240350.059999999,13.514200730953
Canberra,Tuesday,17,18151,207896.87,11.4537419425927
Canberra,Tuesday,18,17765,214756.33,12.0887323388686
Canberra,Tuesday,19,18045,231752.86,12.8430512607371
Canberra,Tuesday,20,19200,271359.150000002,14.1332890625001
Canberra,Tuesday,21,19555,239448.52,12.2448744566607
Canberra,Tuesday,22,17894,218036.479999999,12.1848932603107
Canberra,Tuesday,23,15036,184729.45,12.2858107209364
Canberra,Wednesday,00,11604,152330.579999999,13.1274198552223
Canberra,Wednesday,01,10694,130179.289999999,12.1731148307462
Canberra,Wednesday,02,10409,123258.729999999,11.841553463349
Canberra,Wednesday,03,10202,133683.63,13.1036688884532
Canberra,Wednesday,04,9952,121751.949999999,12.2339178054662
Canberra,Wednesday,05,10933,128671.859999999,11.769126497759
Canberra,Wednesday,06,13359,155449.389999999,11.636304364099
Canberra,Wednesday,07,16547,170408.759999999,10.2984686045808
Canberra,Wednesday,08,18601,226027.589999998,12.1513676684048
Canberra,Wednesday,09,20717,289019.939999997,13.9508587150648
Canberra,Wednesday,10,22815,333406.649999994,14.6134845496381
Canberra,Wednesday,11,21791,300912.079999996,13.8090073883711
Canberra,Wednesday,12,21274,289672.069999998,13.6162484723135
Canberra,Wednesday,13,20092,275800.069999998,13.7268599442563
Canberra,Wednesday,14,18569,267959.579999998,14.4304798319779
Canberra,Wednesday,15,17497,249649.999999998,14.2681602560438
Canberra,Wednesday,16,17823,269485.199999998,15.1200807944789
Canberra,Wednesday,17,17394,241939.27,13.9093520754283
Canberra,Wednesday,18,16741,240019.409999996,14.337220596141
Canberra,Wednesday,19,17882,236087.95,13.2025472542221
Canberra,Wednesday,20,19043,265625.699999996,13.9487318174655
Canberra,Wednesday,21,19471,260667.369999998,13.3874670022083
Canberra,Wednesday,22,18111,241027.009999999,13.3083214620948
Canberra,Wednesday,23,14470,181336.209999999,12.5318735314443
Canberra,Thursday,00,10819,149202.599999999,13.790793973565
Canberra,Thursday,01,9846,130464.6,13.2505179768434
Canberra,Thursday,02,9298,123224.219999999,13.2527661862765
Canberra,Thursday,03,9706,150210.689999998,15.4760653204202
Canberra,Thursday,04,9826,132576.32,13.49239975575
Canberra,Thursday,05,10923,160963.529999999,14.7362015929688
Canberra,Thursday,06,13320,177084.599999997,13.2946396396394
Canberra,Thursday,07,15933,197875.099999999,12.4191991464256
Canberra,Thursday,08,17868,231235.909999999,12.9413426236848
Canberra,Thursday,09,20002,289619.229999994,14.4795135486449
Canberra,Thursday,10,20280,295481.519999996,14.570094674556
Canberra,Thursday,11,19720,299330.079999998,15.1790101419877
Canberra,Thursday,12,19313,296077.289999997,15.3304660073524
Canberra,Thursday,13,18100,271125.769999997,14.9793243093921
Canberra,Thursday,14,18427,283988.93,15.4115661800619
Canberra,Thursday,15,17519,269470.379999998,15.3816073976824
Canberra,Thursday,16,18016,275318.429999998,15.2818844360567
Canberra,Thursday,17,18005,247365.679999998,13.7387214662593
Canberra,Thursday,18,17282,258460.619999999,14.9554808471241
Canberra,Thursday,19,18090,276098.289999996,15.2624814814812
Canberra,Thursday,20,19641,316871.809999997,16.1331811007585
Canberra,Thursday,21,19685,298565.229999997,15.1671440182879
Canberra,Thursday,22,17415,265727.949999997,15.2585673270168
Canberra,Thursday,23,14089,194171.659999998,13.7817914685214
Canberra,Friday,00,11102,151330.19,13.6308944334354
Canberra,Friday,01,9987,130758.2,13.0928406929007
Canberra,Friday,02,9301,120737.53,12.9811342866359
Canberra,Friday,03,8941,116507.05,13.0306509339
Canberra,Friday,04,8887,129452.63,14.5665162597052
Canberra,Friday,05,9797,139475.05,14.2365060732878
Canberra,Friday,06,12335,175254.33,14.2078905553303
Canberra,Friday,07,15247,200521.19,13.1515176756083
Canberra,Friday,08,17356,260011.409999997,14.9810676423137
Canberra,Friday,09,18467,284832.879999996,15.4238847674228
Canberra,Friday,10,18936,290901.829999994,15.362369560625
Canberra,Friday,11,19504,286730.339999998,14.7011043888432
Canberra,Friday,12,18590,268257.459999999,14.4302022592791
Canberra,Friday,13,17320,246690.829999998,14.2431195150114
Canberra,Friday,14,16784,243083.549999997,14.4830523117253
Canberra,Friday,15,16101,241704.359999998,15.0117607602011
Canberra,Friday,16,15350,248400.279999998,16.182428664495
Canberra,Friday,17,15335,238552.909999998,15.5561075970002
Canberra,Friday,18,14469,234290.649999998,16.1925945124057
Canberra,Friday,19,14427,230015.969999996,15.9434373050528
Canberra,Friday,20,15042,231450.709999997,15.3869638345962
Canberra,Friday,21,15443,228440.659999998,14.7925053422261
Canberra,Friday,22,14748,231664.599999997,15.7082045023052
Canberra,Friday,23,11719,175742.629999998,14.9963845037971
Canberra,Saturday,00,8844,123478.989999999,13.9618939393939
Canberra,Saturday,01,7730,107628.74,13.923510996119
Canberra,Saturday,02,7218,96209.2799999996,13.3290773067331
Canberra,Saturday,03,6616,92500.7599999994,13.9813724304715
Canberra,Saturday,04,6676,93492.2299999992,14.0042285799879
Canberra,Saturday,05,7314,124409.079999999,17.0097183483729
Canberra,Saturday,06,8738,124140.26,14.2069420920119
Canberra,Saturday,07,10469,152146.829999999,14.5330814786512
Canberra,Saturday,08,12330,189846.669999998,15.3971346309812
Canberra,Saturday,09,13168,195355.339999998,14.8356120899148
Canberra,Saturday,10,13874,231224.679999995,16.6660429580507
Canberra,Saturday,11,13573,214173.919999997,15.7794091210489
Canberra,Saturday,12,13261,212621.129999998,16.033566850162
Canberra,Saturday,13,12405,206987.059999999,16.6857767029423
Canberra,Saturday,14,11798,198949.019999998,16.8629445668756
Canberra,Saturday,15,11626,194006.779999999,16.6873198004472
Canberra,Saturday,16,12025,219643.449999998,18.2655675675674
Canberra,Saturday,17,11686,225908.279999998,19.3315317473899
Canberra,Saturday,18,11587,208984.269999998,18.036098213515
Canberra,Saturday,19,12329,229043.339999998,18.5776088896097
Canberra,Saturday,20,13147,254933.669999997,19.3910146801549
Canberra,Saturday,21,13978,238706.239999996,17.0772814422661
Canberra,Saturday,22,13290,237183.209999997,17.8467426636566
Canberra,Saturday,23,11094,178052.569999999,16.0494474490714
Hobart,Sunday,00,4994,80439.7599999988,16.107280736884
Hobart,Sunday,01,4035,68725.7499999996,17.0324039653035
Hobart,Sunday,02,3407,58375.3000000002,17.1339301438216
Hobart,Sunday,03,3270,56704.6000000002,17.3408562691132
Hobart,Sunday,04,3020,49589.1400000004,16.4202450331127
Hobart,Sunday,05,2752,47753.8400000003,17.3524127906978
Hobart,Sunday,06,3151,60204.3799999999,19.1064360520469
Hobart,Sunday,07,4122,58992.8699999999,14.3117103347889
Hobart,Sunday,08,5457,61898.5699999998,11.3429668315924
Hobart,Sunday,09,6954,83394.919999999,11.9923669830312
Hobart,Sunday,10,6832,88743.549999999,12.9893954918031
Hobart,Sunday,11,6484,75162.4899999992,11.59199413942
Hobart,Sunday,12,6292,73395.3499999993,11.6648680864589
Hobart,Sunday,13,5867,87118.3199999988,14.8488699505708
Hobart,Sunday,14,5902,91472.879999999,15.4986241951879
Hobart,Sunday,15,5951,99184.2599999987,16.6668223827926
Hobart,Sunday,16,5500,85739.0199999987,15.5889127272725
Hobart,Sunday,17,5663,78301.3499999986,13.8268320678083
Hobart,Sunday,18,5811,79454.9899999989,13.6732042677678
Hobart,Sunday,19,6355,92493.4599999981,14.5544390243899
Hobart,Sunday,20,6724,92529.5899999985,13.7610930993454
Hobart,Sunday,21,6616,93292.5999999989,14.1010580411123
Hobart,Sunday,22,6248,85680.529999999,13.713273047375
Hobart,Sunday,23,5311,77548.7499999993,14.6015345509319
Hobart,Monday,00,4230,77961.7799999995,18.4306808510637
Hobart,Monday,01,3624,60381.9599999995,16.6616887417217
Hobart,Monday,02,3113,50743.86,16.3006296177321
Hobart,Monday,03,2873,56175.13,19.5527775844065
Hobart,Monday,04,2799,55666.2999999998,19.8879242586637
Hobart,Monday,05,2904,55347.6299999998,19.0591012396694
Hobart,Monday,06,3788,73576.3299999995,19.4235295670537
Hobart,Monday,07,5086,84996.0299999993,16.7117636649625
Hobart,Monday,08,6367,97297.0399999986,15.2814575153131
Hobart,Monday,09,7107,114345.159999998,16.0890896299421
Hobart,Monday,10,7519,144997.109999998,19.2840949594358
Hobart,Monday,11,7545,145094.279999998,19.2305208747512
Hobart,Monday,12,7505,151678.749999998,20.2103597601596
Hobart,Monday,13,7451,148423.579999998,19.9199543685409
Hobart,Monday,14,7222,168349.169999997,23.3106023262251
Hobart,Monday,15,7314,176406.439999998,24.1190101175824
Hobart,Monday,16,7561,184755.679999997,24.4353498214518
Hobart,Monday,17,7248,158358.409999998,21.8485665011034
Hobart,Monday,18,7634,157970.049999998,20.6929591302067
Hobart,Monday,19,7785,156906.329999998,20.1549556840074
Hobart,Monday,20,8146,164862.429999998,20.2384520009819
Hobart,Monday,21,8374,167087.759999999,19.9531597802721
Hobart,Monday,22,8299,157690.879999999,19.00119050488
Hobart,Monday,23,6778,123633.419999998,18.2403983475948
Hobart,Tuesday,00,5076,107967.439999998,21.2701812450745
Hobart,Tuesday,01,4032,85265.3399999986,21.1471577380949
Hobart,Tuesday,02,3649,79226.839999999,21.711932036174
Hobart,Tuesday,03,3054,67311.8399999992,22.0405500982316
Hobart,Tuesday,04,2911,58236.0899999997,20.0055273102026
Hobart,Tuesday,05,3211,61755.1799999998,19.2323824353783
Hobart,Tuesday,06,4018,53326.8999999998,13.2720009955201
Hobart,Tuesday,07,5822,50679.8499999998,8.70488663689451
Hobart,Tuesday,08,6728,52881.5400000003,7.8599197384067
Hobart,Tuesday,09,7309,83931.1799999996,11.4832644684635
Hobart,Tuesday,10,7332,93973.9999999993,12.8169667212219
Hobart,Tuesday,11,6893,84373.8699999996,12.2405150152328
Hobart,Tuesday,12,6785,69209.5999999997,10.2003831982313
Hobart,Tuesday,13,6923,80914.0099999991,11.6877090856564
Hobart,Tuesday,14,6486,76790.3199999993,11.8393956213382
Hobart,Tuesday,15,6352,78900.7399999995,12.4214011335012
Hobart,Tuesday,16,6653,88065.499999999,13.2369607695775
Hobart,Tuesday,17,6807,67530.4199999996,9.92073159982366
Hobart,Tuesday,18,6568,59778.97,9.10154841656516
Hobart,Tuesday,19,7304,87063.9299999993,11.9200342278203
Hobart,Tuesday,20,7920,93951.0399999989,11.8625050505049
Hobart,Tuesday,21,7601,84796.4699999991,11.1559623733718
Hobart,Tuesday,22,7235,63459.88,8.77123427781617
Hobart,Tuesday,23,5825,59484.6199999999,10.2119519313305
Hobart,Wednesday,00,4474,51738.3600000003,11.5642288779616
Hobart,Wednesday,01,3536,41132.4600000001,11.6324830316742
Hobart,Wednesday,02,3103,36593.9300000001,11.7930808894618
Hobart,Wednesday,03,2847,33536.7000000001,11.7796628029505
Hobart,Wednesday,04,2734,32769.1600000001,11.9857937088515
Hobart,Wednesday,05,2909,38435.5700000001,13.2126400825026
Hobart,Wednesday,06,3799,46185.1800000001,12.1571939984207
Hobart,Wednesday,07,5386,57240.1800000001,10.6275863349425
Hobart,Wednesday,08,6686,62267.46,9.31311097816333
Hobart,Wednesday,09,7086,83113.6199999997,11.7292718035563
Hobart,Wednesday,10,7458,99054.8099999999,13.2816854384553
Hobart,Wednesday,11,7282,97959.0900000002,13.4522232903049
Hobart,Wednesday,12,7140,102240.68,14.3194229691877
Hobart,Wednesday,13,6907,94120.4699999999,13.6268235123787
Hobart,Wednesday,14,6481,83078.5000000001,12.8187779663632
Hobart,Wednesday,15,6295,83673.6500000001,13.2920810166799
Hobart,Wednesday,16,6298,78429.4300000002,12.4530692283265
Hobart,Wednesday,17,6518,77886.6100000003,11.9494645596809
Hobart,Wednesday,18,6781,77007.0299999996,11.3562940569237
Hobart,Wednesday,19,6784,84431.2900000001,12.4456500589623
Hobart,Wednesday,20,7521,88213.7900000004,11.7289974737402
Hobart,Wednesday,21,7397,84947.9700000002,11.4841111261322
Hobart,Wednesday,22,7375,65545.4299999999,8.88751593220338
Hobart,Wednesday,23,6036,55340.7900000001,9.1684542743539
Hobart,Thursday,00,4310,34086.1500000002,7.90861948955921
Hobart,Thursday,01,3399,43228.3599999999,12.7179641070903
Hobart,Thursday,02,3048,37609.4700000001,12.3390649606299
Hobart,Thursday,03,2644,37178.09,14.0613048411498
Hobart,Thursday,04,2643,31576.7000000001,11.9472947408249
Hobart,Thursday,05,2865,34196.0500000001,11.9357940663176
Hobart,Thursday,06,3762,47744.67,12.6912998405104
Hobart,Thursday,07,5227,50837.8899999999,9.72601683566097
Hobart,Thursday,08,6667,71746.9700000002,10.7615074246288
Hobart,Thursday,09,7242,87642.1699999994,12.1019290251311
Hobart,Thursday,10,6835,93709.5699999996,13.7102516459399
Hobart,Thursday,11,6452,81477.9499999999,12.628324550527
Hobart,Thursday,12,6299,85420.3699999999,13.5609414192729
Hobart,Thursday,13,6233,80827.1600000001,12.9676175196535
Hobart,Thursday,14,5800,83908.0899999997,14.4669120689655
Hobart,Thursday,15,6049,85347.8799999995,14.1094197387997
Hobart,Thursday,16,6157,91513.3200000001,14.8632970602566
Hobart,Thursday,17,6270,67546.86,10.773023923445
Hobart,Thursday,18,6156,78572.9500000004,12.7636371020144
Hobart,Thursday,19,6498,83010.8000000003,12.7748230224685
Hobart,Thursday,20,7194,107842.140000001,14.9905671392828
Hobart,Thursday,21,7030,101233.85,14.4002631578948
Hobart,Thursday,22,6885,100131.69,14.5434553376907
Hobart,Thursday,23,6444,47240.7699999997,7.33096989447544
Hobart,Friday,00,4557,48406.7899999998,10.6225126179504
Hobart,Friday,01,3532,54870.2799999999,15.5351868629671
Hobart,Friday,02,3228,56557.1,17.5207868649319
Hobart,Friday,03,2961,54385.9799999997,18.3674366767983
Hobart,Friday,04,2783,49367.8699999997,17.7390837226014
Hobart,Friday,05,3074,53405.6799999998,17.3733506831489
Hobart,Friday,06,4067,53319.0399999998,13.110164740595
Hobart,Friday,07,5307,62242.85,11.7284435651027
Hobart,Friday,08,6377,81747.6000000003,12.8191312529403
Hobart,Friday,09,7083,103178.380000001,14.5670450374137
Hobart,Friday,10,7127,105668.740000001,14.8265385155045
Hobart,Friday,11,7016,100296.98,14.2954646522235
Hobart,Friday,12,6870,107377.28,15.6298806404658
Hobart,Friday,13,6590,90481.9500000011,13.7301896813355
Hobart,Friday,14,6360,90777.2100000013,14.2731462264153
Hobart,Friday,15,6424,87798.1600000004,13.6672104607722
Hobart,Friday,16,6665,90492.0200000008,13.577197299325
Hobart,Friday,17,6585,98064.5700000015,14.8921138952166
Hobart,Friday,18,6311,91012.720000001,14.4212834733007
Hobart,Friday,19,6276,91442.1700000013,14.570135436584
Hobart,Friday,20,6387,98023.4500000008,15.3473383435104
Hobart,Friday,21,6458,93879.3100000007,14.5369015174978
Hobart,Friday,22,6705,96221.8300000006,14.3507576435497
Hobart,Friday,23,5761,84691.9200000002,14.7009060926923
Hobart,Saturday,00,4579,73493.0499999998,16.0500218388294
Hobart,Saturday,01,3586,54849.42,15.2954322364752
Hobart,Saturday,02,3200,55364.1600000002,17.3013000000001
Hobart,Saturday,03,3055,49105.29,16.0737446808511
Hobart,Saturday,04,2705,50664.29,18.7298669131239
Hobart,Saturday,05,2964,50093.1300000002,16.900516194332
Hobart,Saturday,06,3684,65548.63,17.7927877307275
Hobart,Saturday,07,4685,76283.7599999996,16.2825528281749
Hobart,Saturday,08,5975,89889.349999999,15.0442426778241
Hobart,Saturday,09,6846,110833.029999999,16.1894580777094
Hobart,Saturday,10,7553,100528.289999999,13.3097166688731
Hobart,Saturday,11,7629,91816.2299999978,12.0351592607154
Hobart,Saturday,12,7457,89863.0199999979,12.0508274104865
Hobart,Saturday,13,7257,88315.0899999976,12.1696417252305
Hobart,Saturday,14,7007,97023.4899999978,13.8466519195087
Hobart,Saturday,15,6894,95935.2799999971,13.9157644328397
Hobart,Saturday,16,6860,94127.0399999972,13.7211428571425
Hobart,Saturday,17,6860,95728.8999999975,13.9546501457722
Hobart,Saturday,18,6967,95394.0599999972,13.6922721400886
Hobart,Saturday,19,6754,104949.919999997,15.538928042641
Hobart,Saturday,20,6974,110707.739999999,15.8743533123027
Hobart,Saturday,21,7450,126043.349999999,16.9185704697986
Hobart,Saturday,22,6737,102507.929999997,15.2156642422439
Hobart,Saturday,23,6054,83831.5799999987,13.847304261645
Melbourne,Sunday,00,96822,2088904.77000002,21.5746913924523
Melbourne,Sunday,01,83955,1857821.13000001,22.1287729140612
Melbourne,Sunday,02,72765,1611656.07999995,22.1487814196378
Melbourne,Sunday,03,70563,1532592.24999997,21.7194882587187
Melbourne,Sunday,04,65538,1420624.35999997,21.6763459367081
Melbourne,Sunday,05,67034,1449663.10999998,21.6257885550613
Melbourne,Sunday,06,74103,1605948.72999995,21.6718449995271
Melbourne,Sunday,07,87308,1825616.44999999,20.9100706693544
Melbourne,Sunday,08,102162,2232421.94000009,21.8517838335202
Melbourne,Sunday,09,116481,2486379.95000014,21.3457984564018
Melbourne,Sunday,10,120042,2576758.72000018,21.4654764165891
Melbourne,Sunday,11,120453,2604598.06000018,21.6233556656968
Melbourne,Sunday,12,118247,2584093.8500001,21.853356533359
Melbourne,Sunday,13,114227,2581782.73000017,22.6022107732863
Melbourne,Sunday,14,111953,2497419.35000016,22.307748340823
Melbourne,Sunday,15,109576,2396134.58000012,21.8673302548014
Melbourne,Sunday,16,107792,2433811.3500002,22.5787753265567
Melbourne,Sunday,17,105878,2336199.28000009,22.0650114282484
Melbourne,Sunday,18,106797,2392150.49000018,22.3990420142905
Melbourne,Sunday,19,115115,2502848.05000016,21.7421539330249
Melbourne,Sunday,20,121920,2660329.5800002,21.8202885498704
Melbourne,Sunday,21,123764,2647992.66000015,21.3954999838414
Melbourne,Sunday,22,115614,2426155.22000014,20.9849604719164
Melbourne,Sunday,23,104088,2254951.27000013,21.6638927638165
Melbourne,Monday,00,89427,1917079.49000006,21.4373677971984
Melbourne,Monday,01,77298,1650626.79999996,21.3540686693053
Melbourne,Monday,02,69638,1407265.40999995,20.2082973376598
Melbourne,Monday,03,64614,1337049.58999998,20.6928775497567
Melbourne,Monday,04,64227,1342591.60999999,20.9038505612902
Melbourne,Monday,05,68639,1418807.05999997,20.6705671702672
Melbourne,Monday,06,81572,1641896.88999996,20.1281921492665
Melbourne,Monday,07,99057,1955008.79000003,19.7362002685326
Melbourne,Monday,08,110274,2182200.33000009,19.7888924859903
Melbourne,Monday,09,117844,2455451.84000013,20.8364604052826
Melbourne,Monday,10,122060,2547124.92000018,20.867810257252
Melbourne,Monday,11,124047,2525276.69000022,20.3574184784817
Melbourne,Monday,12,125578,2506495.17000019,19.9596678558361
Melbourne,Monday,13,117676,2380052.14000016,20.225467724941
Melbourne,Monday,14,112528,2336457.60000014,20.7633442343252
Melbourne,Monday,15,108794,2265290.7200001,20.8218350276679
Melbourne,Monday,16,107369,2242881.17000014,20.8894668852288
Melbourne,Monday,17,107213,2202247.32000008,20.5408609030629
Melbourne,Monday,18,108478,2150268.31000012,19.8221603458777
Melbourne,Monday,19,115420,2376197.23000014,20.5873958586046
Melbourne,Monday,20,126619,2631046.05000019,20.7792357387137
Melbourne,Monday,21,129864,2613951.32000016,20.1283752233118
Melbourne,Monday,22,130340,2550722.98000021,19.5697635415085
Melbourne,Monday,23,109931,2292478.23000018,20.8537921969252
Melbourne,Tuesday,00,94194,1980025.82000003,21.0207212773641
Melbourne,Tuesday,01,80547,1743943.42999998,21.6512524364655
Melbourne,Tuesday,02,72377,1520596.49999997,21.0093883415998
Melbourne,Tuesday,03,67049,1396789.92999996,20.8323752777814
Melbourne,Tuesday,04,66798,1473365.22999998,22.0570261085659
Melbourne,Tuesday,05,70607,1551985.77999995,21.9806220346418
Melbourne,Tuesday,06,87275,1822218.25999998,20.8790405041533
Melbourne,Tuesday,07,106797,2144642.49000004,20.0814862777048
Melbourne,Tuesday,08,120870,2408866.44000006,19.929398858278
Melbourne,Tuesday,09,128012,2583749.19000017,20.1836483298454
Melbourne,Tuesday,10,130193,2676598.94000015,20.5587008518135
Melbourne,Tuesday,11,131042,2704189.43000008,20.6360512660069
Melbourne,Tuesday,12,130666,2649503.09000016,20.2769128158829
Melbourne,Tuesday,13,123856,2414875.82000008,19.4974471967453
Melbourne,Tuesday,14,118393,2329556.18000006,19.6764688790727
Melbourne,Tuesday,15,113400,2239424.81000002,19.748014197531
Melbourne,Tuesday,16,113517,2199485.54,19.3758251187047
Melbourne,Tuesday,17,114929,2165356.42,18.8408184183278
Melbourne,Tuesday,18,116573,2059235.03999999,17.6647683425836
Melbourne,Tuesday,19,122772,2248674.84,18.3158606196852
Melbourne,Tuesday,20,129014,2413578.55000007,18.7078809276518
Melbourne,Tuesday,21,132297,2499206.34000008,18.8908768906331
Melbourne,Tuesday,22,126736,2338564.96000004,18.4522547658127
Melbourne,Tuesday,23,110273,2090124.70000001,18.9540930236777
Melbourne,Wednesday,00,92808,1762895.80999992,18.9950845832247
Melbourne,Wednesday,01,80751,1564274.44999989,19.3715799185136
Melbourne,Wednesday,02,73012,1390527.33999996,19.0451890100252
Melbourne,Wednesday,03,68766,1336056.60999996,19.4290290259716
Melbourne,Wednesday,04,66582,1311168.37999997,19.6925352197287
Melbourne,Wednesday,05,70809,1413000.04999994,19.9550911607273
Melbourne,Wednesday,06,86461,1698449.07999994,19.6441063600923
Melbourne,Wednesday,07,105727,2072310.09000002,19.600575917221
Melbourne,Wednesday,08,117956,2256381.5600001,19.1290104784844
Melbourne,Wednesday,09,124374,2522103.82000008,20.2783847106315
Melbourne,Wednesday,10,127108,2597216.09000014,20.4331441766068
Melbourne,Wednesday,11,125137,2523490.66000008,20.1658235374037
Melbourne,Wednesday,12,122683,2443345.7700001,19.9159277976582
Melbourne,Wednesday,13,114813,2305027.53000005,20.0763635651019
Melbourne,Wednesday,14,110101,2218358.78000006,20.148398107193
Melbourne,Wednesday,15,107189,2181630.65000003,20.3531206560377
Melbourne,Wednesday,16,107590,2180638.66000006,20.2680421972308
Melbourne,Wednesday,17,106770,2101112.62000005,19.6788669101812
Melbourne,Wednesday,18,107694,2042663.00000003,18.967286942634
Melbourne,Wednesday,19,113390,2188246.60000009,19.2984090307795
Melbourne,Wednesday,20,120032,2326498.17000008,19.3823161323654
Melbourne,Wednesday,21,119784,2319426.31000007,19.3634067154217
Melbourne,Wednesday,22,118201,2337847.68000006,19.7785778462116
Melbourne,Wednesday,23,102842,1982696.83000008,19.2790574862418
Melbourne,Thursday,00,87141,1679697.18999996,19.2756244477337
Melbourne,Thursday,01,76989,1512219.89999998,19.6420254841598
Melbourne,Thursday,02,72447,1454382.81999996,20.0751283006883
Melbourne,Thursday,03,67619,1365198.25999997,20.1895659503981
Melbourne,Thursday,04,67072,1277741.40999999,19.050295354246
Melbourne,Thursday,05,72643,1436518.89999998,19.7750492132756
Melbourne,Thursday,06,86394,1639681.20999995,18.9791097761413
Melbourne,Thursday,07,104691,1887758.36000003,18.0317158112926
Melbourne,Thursday,08,121757,2271023.21000007,18.652095649532
Melbourne,Thursday,09,129985,2516523.35000008,19.360105781437
Melbourne,Thursday,10,133725,2627785.22000016,19.6506653206219
Melbourne,Thursday,11,131576,2510192.01000021,19.0778866206619
Melbourne,Thursday,12,132033,2471480.45000019,18.7186570781562
Melbourne,Thursday,13,125116,2328408.37000009,18.6099968828934
Melbourne,Thursday,14,122117,2331992.18000012,19.0963762621103
Melbourne,Thursday,15,119292,2267051.70000012,19.0042224122332
Melbourne,Thursday,16,118402,2189084.12000006,18.4885738416586
Melbourne,Thursday,17,119562,2228926.59000007,18.6424331309285
Melbourne,Thursday,18,121293,2267881.1100001,18.697543221786
Melbourne,Thursday,19,128543,2484597.42000013,19.3289204390759
Melbourne,Thursday,20,137986,2697310.66000027,19.5477125215621
Melbourne,Thursday,21,141119,2753996.1600002,19.515417201087
Melbourne,Thursday,22,135105,2670630.61000014,19.7670745716305
Melbourne,Thursday,23,117524,2379825.07000011,20.2496942752128
Melbourne,Friday,00,100282,2064765.91000005,20.5895964380452
Melbourne,Friday,01,87434,1780242.60999993,20.3609878308202
Melbourne,Friday,02,80170,1642450.94999989,20.4871017837082
Melbourne,Friday,03,73793,1500088.63999992,20.3283324976612
Melbourne,Friday,04,72077,1476398.79999993,20.4836327816076
Melbourne,Friday,05,76750,1568062.45999995,20.4307812377843
Melbourne,Friday,06,92014,1887132.39,20.5091876236225
Melbourne,Friday,07,112721,2320411.48000004,20.5854408672745
Melbourne,Friday,08,127022,2638669.22000014,20.7733244634798
Melbourne,Friday,09,132510,2861737.9100002,21.5963920458849
Melbourne,Friday,10,135799,2896724.52000021,21.3309709202587
Melbourne,Friday,11,136662,2884972.86000021,21.1102783509697
Melbourne,Friday,12,134465,2906283.95000024,21.6136834864109
Melbourne,Friday,13,126613,2763562.49000022,21.8268462954058
Melbourne,Friday,14,122879,2669793.00000021,21.7270078695319
Melbourne,Friday,15,117699,2603066.51000012,22.1163009881148
Melbourne,Friday,16,114183,2508517.43000015,21.9692723960673
Melbourne,Friday,17,112794,2467713.15000015,21.8780533539031
Melbourne,Friday,18,109911,2303424.60000013,20.9571799001022
Melbourne,Friday,19,113029,2467973.70000015,21.8348715816308
Melbourne,Friday,20,123442,2580739.09000017,20.9064912266503
Melbourne,Friday,21,127802,2630123.88000014,20.579677000361
Melbourne,Friday,22,127993,2715066.00000014,21.2126131897849
Melbourne,Friday,23,112730,2420099.29000013,21.468103344275
Melbourne,Saturday,00,98233,2111647.43000005,21.4963141714093
Melbourne,Saturday,01,85172,1888275.65000001,22.1701457051614
Melbourne,Saturday,02,76877,1701567.57999994,22.1336365883156
Melbourne,Saturday,03,71781,1623317.45999994,22.6148627074008
Melbourne,Saturday,04,68641,1507021.59999994,21.9551230314234
Melbourne,Saturday,05,70193,1506300.16999993,21.4594072058457
Melbourne,Saturday,06,80521,1706911.37999995,21.198338073297
Melbourne,Saturday,07,97371,2115788.03000003,21.7291393741466
Melbourne,Saturday,08,109288,2398702.10000012,21.9484490520471
Melbourne,Saturday,09,118451,2610290.4500001,22.0368798068408
Melbourne,Saturday,10,122746,2685899.01000011,21.8817640493386
Melbourne,Saturday,11,122542,2698465.05000015,22.0207361557682
Melbourne,Saturday,12,122135,2625555.58000012,21.4971595365794
Melbourne,Saturday,13,119169,2630980.61000005,22.0777266738837
Melbourne,Saturday,14,116261,2548985.54000006,21.9246827396983
Melbourne,Saturday,15,113365,2490600.06000008,21.969744277335
Melbourne,Saturday,16,114659,2470743.75000003,21.5486246173438
Melbourne,Saturday,17,109300,2417198.71000007,22.1152672461123
Melbourne,Saturday,18,104767,2265668.77000004,21.6257864594771
Melbourne,Saturday,19,109151,2435221.15000006,22.3105711354001
Melbourne,Saturday,20,113152,2428112.56000007,21.4588567590504
Melbourne,Saturday,21,116620,2422063.59000008,20.7688525981828
Melbourne,Saturday,22,117176,2444892.73000011,20.865132194307
Melbourne,Saturday,23,109608,2313421.77000006,21.1063222575
Perth,Sunday,00,30851,595380.540000021,19.2985815694798
Perth,Sunday,01,28546,561739.750000016,19.6784050304777
Perth,Sunday,02,27086,554903.050000019,20.4867108469327
Perth,Sunday,03,26381,563529.110000013,21.3611731928287
Perth,Sunday,04,25410,516683.100000011,20.3338488783948
Perth,Sunday,05,25661,532693.520000007,20.7588761155063
Perth,Sunday,06,27682,606548.110000022,21.9112820605456
Perth,Sunday,07,32270,701841.490000018,21.7490390455537
Perth,Sunday,08,36539,771107.46000003,21.1036826404672
Perth,Sunday,09,39112,832003.030000037,21.2723212824718
Perth,Sunday,10,41033,857103.500000034,20.8881510004151
Perth,Sunday,11,41515,903941.680000031,21.7738571600634
Perth,Sunday,12,43022,911778.890000019,21.1933171400683
Perth,Sunday,13,41691,895337.490000013,21.4755580341084
Perth,Sunday,14,38871,839635.230000032,21.6005564559706
Perth,Sunday,15,38275,831218.070000029,21.7169972566957
Perth,Sunday,16,37077,776594.010000022,20.9454381422451
Perth,Sunday,17,35350,770062.470000035,21.7839454031127
Perth,Sunday,18,34384,767857.220000031,22.3318177059106
Perth,Sunday,19,34214,753457.610000033,22.021909452272
Perth,Sunday,20,35194,735536.220000029,20.8994777518903
Perth,Sunday,21,34737,752008.200000037,21.6486225062624
Perth,Sunday,22,32991,724487.370000028,21.9601518595989
Perth,Sunday,23,31051,695248.690000018,22.3905410453775
Perth,Monday,00,29229,680392.570000016,23.2779968524416
Perth,Monday,01,26938,640705.030000012,23.7844320291043
Perth,Monday,02,24783,591390.630000013,23.8627539038862
Perth,Monday,03,24193,576691.470000008,23.8371210680779
Perth,Monday,04,24555,586192.950000012,23.8726511912039
Perth,Monday,05,25729,578274.760000004,22.4756018500526
Perth,Monday,06,29858,680218.38000001,22.7817797575193
Perth,Monday,07,34062,775440.220000026,22.7655516411258
Perth,Monday,08,38231,861999.450000022,22.5471332165003
Perth,Monday,09,40277,957013.060000019,23.7607830771909
Perth,Monday,10,41418,930454.320000019,22.4649746487039
Perth,Monday,11,41928,970610.760000018,23.1494647967949
Perth,Monday,12,42963,976434.800000017,22.727342131602
Perth,Monday,13,41226,909909.680000028,22.0712579440166
Perth,Monday,14,39120,875514.360000031,22.3802239263812
Perth,Monday,15,38191,841278.420000024,22.0281851745182
Perth,Monday,16,36418,807621.380000022,22.1764341809001
Perth,Monday,17,34820,766861.000000029,22.0235784032174
Perth,Monday,18,35097,756370.730000022,21.5508656010492
Perth,Monday,19,34923,799136.810000031,22.8828224952046
Perth,Monday,20,35926,819980.840000034,22.824161888327
Perth,Monday,21,35289,762099.740000014,21.5959573804872
Perth,Monday,22,35106,743045.430000015,21.1657673901901
Perth,Monday,23,32100,696777.44000001,21.7064623052963
Perth,Tuesday,00,29847,659748.610000015,22.1043525312432
Perth,Tuesday,01,26802,608137.050000014,22.6899876874865
Perth,Tuesday,02,25375,588404.920000008,23.1883712315274
Perth,Tuesday,03,24781,613377.870000013,24.7519418102584
Perth,Tuesday,04,25407,609091.440000011,23.9733711181962
Perth,Tuesday,05,26963,589440.690000014,21.8610944627828
Perth,Tuesday,06,31115,679552.410000007,21.8400260324605
Perth,Tuesday,07,35930,766961.050000025,21.3459796827171
Perth,Tuesday,08,41033,866920.550000009,21.1273986791121
Perth,Tuesday,09,42845,924184.640000013,21.5704198856346
Perth,Tuesday,10,44534,970453.430000017,21.7912927201692
Perth,Tuesday,11,44784,992104.900000015,22.1531104858882
Perth,Tuesday,12,45660,1013504.18,22.1967625930793
Perth,Tuesday,13,43110,938897.480000005,21.7791111111112
Perth,Tuesday,14,41214,881526.760000003,21.3890124714903
Perth,Tuesday,15,39728,828377.019999993,20.8512137535238
Perth,Tuesday,16,38616,784803.79999999,20.3232805054897
Perth,Tuesday,17,37084,724574.65999999,19.5387406967962
Perth,Tuesday,18,37145,719558.559999988,19.371612868488
Perth,Tuesday,19,37396,780296.249999992,20.8657677291687
Perth,Tuesday,20,38248,795572.749999989,20.8003751830158
Perth,Tuesday,21,38591,784811.329999995,20.3366414448964
Perth,Tuesday,22,36940,776340.039999989,21.0162436383321
Perth,Tuesday,23,34758,743634.579999999,21.394630876345
Perth,Wednesday,00,30636,655123.529999993,21.3841079122599
Perth,Wednesday,01,28879,647202.419999995,22.4108320925238
Perth,Wednesday,02,27078,620600.369999997,22.9189884777309
Perth,Wednesday,03,26307,586423.6,22.2915421750865
Perth,Wednesday,04,25976,574726.930000004,22.1253052817987
Perth,Wednesday,05,26515,599699.490000009,22.6173671506698
Perth,Wednesday,06,31964,773830.170000023,24.2094284194726
Perth,Wednesday,07,38092,889713.460000011,23.356963666912
Perth,Wednesday,08,41180,950420.490000009,23.0796622146675
Perth,Wednesday,09,43013,1009210.52000001,23.4629186525006
Perth,Wednesday,10,43869,1001792.82000001,22.8360076591673
Perth,Wednesday,11,43462,1020606.61,23.4827345727303
Perth,Wednesday,12,44227,1066471.15000002,24.1135765482629
Perth,Wednesday,13,42081,965503.030000014,22.9439183954757
Perth,Wednesday,14,40010,951445.59000001,23.7801947013249
Perth,Wednesday,15,38496,881146.340000017,22.8892960307569
Perth,Wednesday,16,37038,876780.820000011,23.6724666558673
Perth,Wednesday,17,34992,771660.14000002,22.0524731367175
Perth,Wednesday,18,34810,801905.68000002,23.0366469405349
Perth,Wednesday,19,34374,784534.760000016,22.8234933379885
Perth,Wednesday,20,35396,845380.790000025,23.8835119787554
Perth,Wednesday,21,35131,817211.430000018,23.2618322848771
Perth,Wednesday,22,34038,777875.680000019,22.853154709443
Perth,Wednesday,23,31240,724336.290000009,23.1861808578748
Perth,Thursday,00,28030,642003.160000005,22.9041441312881
Perth,Thursday,01,26613,619483.650000006,23.2774828091537
Perth,Thursday,02,25280,622658.32000001,24.6304715189878
Perth,Thursday,03,24508,600436.19000001,24.49959972254
Perth,Thursday,04,25184,602713.360000012,23.9323919949179
Perth,Thursday,05,26710,602805.77000001,22.5685424934485
Perth,Thursday,06,31350,726737.310000022,23.1814133971299
Perth,Thursday,07,36514,857991.040000017,23.4975910609634
Perth,Thursday,08,40707,949227.380000016,23.3185294912427
Perth,Thursday,09,42398,1035702.52000001,24.4280984952124
Perth,Thursday,10,43321,1031842.02,23.8185180397497
Perth,Thursday,11,44394,1094134.3,24.6459949542732
Perth,Thursday,12,45558,1122430.21,24.6373899205408
Perth,Thursday,13,43988,1076078.02,24.4629903610075
Perth,Thursday,14,41836,1046805.75000001,25.0216500143419
Perth,Thursday,15,40880,1004112.44000002,24.5624373776913
Perth,Thursday,16,39275,981193.300000017,24.9826429026102
Perth,Thursday,17,38587,967153.660000013,25.0642356233968
Perth,Thursday,18,38746,988767.670000007,25.5192192742478
Perth,Thursday,19,38884,985184.810000018,25.3365088468269
Perth,Thursday,20,39453,1042673.86000003,26.4282528578316
Perth,Thursday,21,38133,946640.200000025,24.8246977683378
Perth,Thursday,22,37722,920108.370000019,24.3918236042633
Perth,Thursday,23,34809,845071.230000036,24.277377402397
Perth,Friday,00,32437,805785.620000035,24.8415580972357
Perth,Friday,01,28381,708323.090000023,24.957650893204
Perth,Friday,02,26541,674787.38000001,25.4243389472895
Perth,Friday,03,25503,657379.020000011,25.7765368780148
Perth,Friday,04,25442,640913.080000013,25.1911437780054
Perth,Friday,05,26730,632940.110000009,23.6790164609057
Perth,Friday,06,32288,772528.840000032,23.9261905351844
Perth,Friday,07,38847,933584.980000025,24.0323571961805
Perth,Friday,08,43229,987632.430000013,22.8465250179281
Perth,Friday,09,43656,1076458.01000002,24.6577334157966
Perth,Friday,10,44002,1052660.30000002,23.9230103177133
Perth,Friday,11,44213,1043637.19,23.6047585551762
Perth,Friday,12,44448,1061407.95000002,23.8797684935209
Perth,Friday,13,41857,978697.550000026,23.3819325321936
Perth,Friday,14,40944,978879.070000022,23.9077537612354
Perth,Friday,15,38981,917441.500000011,23.5356070906342
Perth,Friday,16,38602,903490.340000026,23.4052727837943
Perth,Friday,17,35941,832050.990000025,23.1504685456728
Perth,Friday,18,35089,821842.880000028,23.4216671891484
Perth,Friday,19,34906,845257.770000014,24.2152572623622
Perth,Friday,20,34574,843521.210000025,24.3975591484938
Perth,Friday,21,33655,799303.650000029,23.7499227455067
Perth,Friday,22,32218,754863.850000026,23.4298792600418
Perth,Friday,23,30931,751577.860000025,24.2985309236696
Perth,Saturday,00,28544,705122.04000002,24.7029862668168
Perth,Saturday,01,26739,662852.750000014,24.7897359661922
Perth,Saturday,02,25816,656063.070000013,25.4130411372797
Perth,Saturday,03,24560,612176.630000012,24.9257585504891
Perth,Saturday,04,24459,590657.01000001,24.1488617686745
Perth,Saturday,05,24523,587709.500000012,23.9656444970033
Perth,Saturday,06,27406,659379.440000019,24.0596745238276
Perth,Saturday,07,32188,717692.200000028,22.2968870386488
Perth,Saturday,08,37304,830834.600000041,22.2719976410047
Perth,Saturday,09,41006,892231.460000034,21.7585587475012
Perth,Saturday,10,41845,788761.190000057,18.8495923049362
Perth,Saturday,11,43045,739015.990000053,17.1684513880835
Perth,Saturday,12,43124,775763.200000071,17.9891290232834
Perth,Saturday,13,43116,716013.690000066,16.6066817422782
Perth,Saturday,14,42063,665259.730000057,15.8157936904181
Perth,Saturday,15,41877,646901.970000051,15.4476674546899
Perth,Saturday,16,40297,594915.620000034,14.7632731965167
Perth,Saturday,17,38448,606927.690000037,15.7856764981283
Perth,Saturday,18,37745,579468.620000042,15.3521955225869
Perth,Saturday,19,36461,622320.520000046,17.068114423632
Perth,Saturday,20,35359,601740.410000041,17.0180268107141
Perth,Saturday,21,34530,600558.430000033,17.3923669273105
Perth,Saturday,22,33413,591962.900000021,17.7165444587442
Perth,Saturday,23,31629,569358.140000025,18.0011426222778
Sydney,Sunday,00,96254,2243310.95000013,23.3061581856352
Sydney,Sunday,01,85050,2037794.62000007,23.9599602586721
Sydney,Sunday,02,73664,1769487.61999996,24.0210634774104
Sydney,Sunday,03,72986,1714110.06999994,23.4854639245875
Sydney,Sunday,04,69754,1635215.84999988,23.4426104596135
Sydney,Sunday,05,69995,1654822.90999991,23.6420160011416
Sydney,Sunday,06,76365,1862872.06999997,24.3943176848029
Sydney,Sunday,07,90329,2113567.71000005,23.3985509636999
Sydney,Sunday,08,101626,2398386.12000014,23.6001231968211
Sydney,Sunday,09,115104,2628187.49000022,22.8331551466519
Sydney,Sunday,10,118557,2761150.51000026,23.2896455713308
Sydney,Sunday,11,118358,2776855.40000025,23.4614930972157
Sydney,Sunday,12,114545,2652074.31000027,23.153121567945
Sydney,Sunday,13,112912,2647879.60000025,23.4508254215695
Sydney,Sunday,14,111961,2645324.21000021,23.6271934870196
Sydney,Sunday,15,108920,2559469.94000016,23.4986222915917
Sydney,Sunday,16,110020,2552229.1500001,23.1978653881122
Sydney,Sunday,17,113786,2378144.63000011,20.900151424605
Sydney,Sunday,18,113207,2620385.28000016,23.1468485164359
Sydney,Sunday,19,116541,2699000.11000019,23.1592324589646
Sydney,Sunday,20,120959,2775804.14000026,22.9483059549125
Sydney,Sunday,21,125869,2878804.60000021,22.8714345867546
Sydney,Sunday,22,119699,2651060.24000016,22.1477225373659
Sydney,Sunday,23,108922,2488337.0100002,22.8451277978755
Sydney,Monday,00,93708,2217962.2500001,23.6688676527095
Sydney,Monday,01,81787,1879776.04000002,22.9837998703952
Sydney,Monday,02,75929,1700222.26999996,22.3922647473293
Sydney,Monday,03,71736,1620281.29999994,22.5867249358751
Sydney,Monday,04,71079,1599456.34999994,22.5025162143522
Sydney,Monday,05,73001,1649990.37999997,22.6022983246801
Sydney,Monday,06,84265,1893821.46000002,22.474591586068
Sydney,Monday,07,102196,2298890.70000011,22.4949185878127
Sydney,Monday,08,115490,2529273.96000012,21.9003719802591
Sydney,Monday,09,122886,2723618.74000019,22.1637838321712
Sydney,Monday,10,128206,2822391.24000023,22.0145019733884
Sydney,Monday,11,131787,2789531.71000022,21.1669717802228
Sydney,Monday,12,128685,2685066.49000021,20.8654193573471
Sydney,Monday,13,120666,2518939.19000021,20.8753019906204
Sydney,Monday,14,115739,2448590.37000014,21.1561389851316
Sydney,Monday,15,113537,2415577.04000016,21.2756814078244
Sydney,Monday,16,113518,2360546.93000014,20.794472506564
Sydney,Monday,17,117367,2421502.30000017,20.6318837492666
Sydney,Monday,18,117667,2288013.1200001,19.4448156237526
Sydney,Monday,19,118903,2355025.99000016,19.8062789837107
Sydney,Monday,20,127372,2535696.5000002,19.9078015576437
Sydney,Monday,21,133970,2451524.9400002,18.2990590430709
Sydney,Monday,22,128903,2389332.92000021,18.5358984662902
Sydney,Monday,23,106966,2114693.53000004,19.7697729184978
Sydney,Tuesday,00,90539,1827569.90000002,20.1854438418805
Sydney,Tuesday,01,78757,1573378.58999999,19.9776348768998
Sydney,Tuesday,02,71634,1500871.28999998,20.9519402797552
Sydney,Tuesday,03,66654,1436812.39,21.5562815434932
Sydney,Tuesday,04,67195,1417796.27999997,21.0997288488723
Sydney,Tuesday,05,70552,1478343.35999999,20.9539539630343
Sydney,Tuesday,06,83441,1736176.51999998,20.8072352920025
Sydney,Tuesday,07,101976,1999074.32000002,19.6033804032324
Sydney,Tuesday,08,114249,2245941.42000007,19.6583026547284
Sydney,Tuesday,09,120901,2514059.68000016,20.794366299701
Sydney,Tuesday,10,124451,2592955.76000023,20.8351540767068
Sydney,Tuesday,11,126425,2618387.55000019,20.710995056359
Sydney,Tuesday,12,126269,2580026.69000022,20.4327799380705
Sydney,Tuesday,13,119572,2417825.22000024,20.2206638677972
Sydney,Tuesday,14,116617,2349372.11000022,20.1460516905787
Sydney,Tuesday,15,111563,2278156.89000015,20.4203623961362
Sydney,Tuesday,16,113413,2323888.8100001,20.4904976501821
Sydney,Tuesday,17,116686,2360364.2200002,20.2283411891761
Sydney,Tuesday,18,117016,2285120.32000022,19.5282723730107
Sydney,Tuesday,19,119050,2456253.7900002,20.6321191936178
Sydney,Tuesday,20,126062,2644381.67000026,20.9768341768357
Sydney,Tuesday,21,131139,2687310.14000029,20.4920743638451
Sydney,Tuesday,22,128192,2585894.09000032,20.1720395188492
Sydney,Tuesday,23,111987,2295923.21000019,20.5016940359166
Sydney,Wednesday,00,95933,2006167.78000009,20.9121759978328
Sydney,Wednesday,01,83517,1735145.97999999,20.7759615407641
Sydney,Wednesday,02,76185,1589765.56999999,20.8671729343045
Sydney,Wednesday,03,72298,1591458.78999998,22.0124870674151
Sydney,Wednesday,04,71098,1571329.84999997,22.1009008692224
Sydney,Wednesday,05,74454,1649664.44999995,22.1568277056968
Sydney,Wednesday,06,89482,1962390.92000006,21.9305661473823
Sydney,Wednesday,07,108955,2356016.59000014,21.6237583406006
Sydney,Wednesday,08,122519,2632507.19000029,21.4865220088337
Sydney,Wednesday,09,129079,2821354.64000031,21.8575805514477
Sydney,Wednesday,10,134609,3002323.67000034,22.3040336827429
Sydney,Wednesday,11,135316,2968363.48000033,21.9365299003838
Sydney,Wednesday,12,132395,2862935.80000028,21.6241987990504
Sydney,Wednesday,13,125185,2702683.04000028,21.5895118424754
Sydney,Wednesday,14,119766,2659084.15000031,22.2023291251299
Sydney,Wednesday,15,116120,2641266.57000024,22.7460090423721
Sydney,Wednesday,16,115700,2529312.48000021,21.8609548833208
Sydney,Wednesday,17,115292,2491724.69000023,21.612294781947
Sydney,Wednesday,18,115985,2482903.42000022,21.4071079881038
Sydney,Wednesday,19,116759,2524329.15000024,21.6199963172024
Sydney,Wednesday,20,125403,2686826.86000028,21.4255389424518
Sydney,Wednesday,21,127172,2742344.0700003,21.5640555310941
Sydney,Wednesday,22,122211,2613964.69000022,21.3889477215653
Sydney,Wednesday,23,104943,2271424.66000015,21.6443656079981
Sydney,Thursday,00,90121,1987922.57000007,22.0583722994649
Sydney,Thursday,01,77455,1779822.11000001,22.9787891033505
Sydney,Thursday,02,72052,1618744.75999991,22.4663404208059
Sydney,Thursday,03,67026,1523837.65999993,22.7350231253534
Sydney,Thursday,04,66790,1510881.01999996,22.6213657733188
Sydney,Thursday,05,72041,1622133.73999994,22.5168132035916
Sydney,Thursday,06,84906,1875197.01000003,22.0855653310723
Sydney,Thursday,07,104208,2258980.31000007,21.6776093006302
Sydney,Thursday,08,117624,2433581.09000014,20.6894944059048
Sydney,Thursday,09,124532,2699703.14000017,21.6787905116771
Sydney,Thursday,10,130003,2754599.32000022,21.1887365676194
Sydney,Thursday,11,129954,2759954.03000024,21.2379305754362
Sydney,Thursday,12,126787,2626996.05000017,20.7197587292086
Sydney,Thursday,13,122371,2480852.98000014,20.2732099925647
Sydney,Thursday,14,121158,2595407.40000023,21.4216758282592
Sydney,Thursday,15,116800,2438626.37000015,20.8786504280835
Sydney,Thursday,16,117638,2459846.60000016,20.9103061935783
Sydney,Thursday,17,120101,2434789.23000018,20.2728472702157
Sydney,Thursday,18,120463,2487883.69000019,20.652679162898
Sydney,Thursday,19,122593,2541445.04000021,20.7307516742408
Sydney,Thursday,20,132043,2769107.97000026,20.9712591352836
Sydney,Thursday,21,136588,2755865.77000015,20.1764852695709
Sydney,Thursday,22,128888,2625184.04000017,20.3679476755025
Sydney,Thursday,23,113740,2382171.43000013,20.9440076490252
Sydney,Friday,00,99776,2121827.55000009,21.2659111409566
Sydney,Friday,01,84575,1828247.12000002,21.6168740171448
Sydney,Friday,02,76840,1772714.60000003,23.0702056220723
Sydney,Friday,03,72108,1707813.21999996,23.684101902701
Sydney,Friday,04,72504,1744439.40999998,24.0599057983004
Sydney,Friday,05,77154,1812385.88999999,23.4904980947196
Sydney,Friday,06,91373,2104233.85000001,23.0290550819171
Sydney,Friday,07,111208,2435094.78000008,21.8967590461125
Sydney,Friday,08,123793,2739341.62000019,22.1284048371087
Sydney,Friday,09,127725,2880555.29000016,22.5527914660416
Sydney,Friday,10,131272,2896184.88000014,22.062472423671
Sydney,Friday,11,129946,2934782.06000015,22.5846279223689
Sydney,Friday,12,128765,2939515.02000017,22.8285249873814
Sydney,Friday,13,122481,2781657.19000017,22.7109281439584
Sydney,Friday,14,119907,2750532.43000004,22.9388812162763
Sydney,Friday,15,117330,2681141.61000014,22.8512879059076
Sydney,Friday,16,115882,2729976.8700002,23.5582477865432
Sydney,Friday,17,115002,2680515.77000016,23.308427418655
Sydney,Friday,18,112842,2518358.70000011,22.3175652682522
Sydney,Friday,19,108184,2471531.48000008,22.8456285587525
Sydney,Friday,20,110194,2522513.2500001,22.8915662377271
Sydney,Friday,21,112626,2470616.05000011,21.9364627173131
Sydney,Friday,22,110765,2461353.9000001,22.2214047758777
Sydney,Friday,23,101929,2335433.49000009,22.9123555612249
Sydney,Saturday,00,91696,2263793.43000008,24.688028158263
Sydney,Saturday,01,79380,1875738.47999997,23.629862433862
Sydney,Saturday,02,73177,1756861.06999995,24.0083779056254
Sydney,Saturday,03,67611,1643581.92999992,24.3093864903628
Sydney,Saturday,04,65691,1648545.26999994,25.0954509750184
Sydney,Saturday,05,66657,1656255.44999995,24.8474346280203
Sydney,Saturday,06,74874,1870525.59999998,24.9823116168493
Sydney,Saturday,07,88425,2071156.75000003,23.4227509188581
Sydney,Saturday,08,102142,2371858.32000005,23.2211854085494
Sydney,Saturday,09,110370,2588835.80000015,23.4559735435367
Sydney,Saturday,10,115910,2744476.16000021,23.6776478302149
Sydney,Saturday,11,118085,2792642.94000023,23.6494299868758
Sydney,Saturday,12,118348,2849428.38000018,24.0766922972942
Sydney,Saturday,13,113685,2689777.06000017,23.6599116858
Sydney,Saturday,14,109700,2605133.04000018,23.7477943482241
Sydney,Saturday,15,107884,2607175.11000021,24.1664668532888
Sydney,Saturday,16,108376,2571788.82000025,23.7302430427424
Sydney,Saturday,17,110962,2653102.83000029,23.9100127070554
Sydney,Saturday,18,111282,2590353.74000023,23.2773830448791
Sydney,Saturday,19,110851,2664537.89000029,24.0371118889346
Sydney,Saturday,20,113362,2631760.56000025,23.2155445387365
Sydney,Saturday,21,118312,2701541.72000028,22.8340465886831
Sydney,Saturday,22,114687,2647856.52000026,23.0876779408325
Sydney,Saturday,23,108308,2482963.31000017,22.9250222513588
